city,year,month,date,price
昆明,2017,1,2017-01,8763
昆明,2017,2,2017-02,8856
昆明,2017,3,2017-03,9056
昆明,2017,4,2017-04,9131
昆明,2017,5,2017-05,9381
昆明,2017,6,2017-06,9941
昆明,2017,7,2017-07,10604
昆明,2017,8,2017-08,10633
昆明,2017,9,2017-09,10706
昆明,2017,10,2017-10,11045
昆明,2017,11,2017-11,11101
昆明,2017,12,2017-12,11140
昆明,2018,1,2018-01,10908
昆明,2018,2,2018-02,11101
昆明,2018,3,2018-03,11326
昆明,2018,4,2018-04,11597
昆明,2018,5,2018-05,11884
昆明,2018,6,2018-06,12327
昆明,2018,7,2018-07,13221
昆明,2018,8,2018-08,13132
昆明,2018,9,2018-09,13047
昆明,2018,10,2018-10,12759
昆明,2018,11,2018-11,12746
昆明,2018,12,2018-12,12707
昆明,2019,1,2019-01,12548
昆明,2019,2,2019-02,12597
昆明,2019,3,2019-03,12592
昆明,2019,4,2019-04,12772
昆明,2019,5,2019-05,12756
昆明,2019,6,2019-06,12860
昆明,2019,7,2019-07,12855
昆明,2019,8,2019-08,12854
昆明,2019,9,2019-09,13049
昆明,2019,10,2019-10,13246
昆明,2019,11,2019-11,13268
昆明,2019,12,2019-12,13201
昆明,2020,1,2020-01,13218
昆明,2020,2,2020-02,13332
昆明,2020,3,2020-03,13264
昆明,2020,4,2020-04,13265
昆明,2020,5,2020-05,13493
昆明,2020,6,2020-06,13635
昆明,2020,7,2020-07,13360
昆明,2020,8,2020-08,13895
昆明,2020,9,2020-09,13949
昆明,2020,10,2020-10,14027
昆明,2020,11,2020-11,14082
昆明,2020,12,2020-12,14081
昆明,2021,1,2021-01,14244
昆明,2021,2,2021-02,14186
昆明,2021,3,2021-03,14319
昆明,2021,4,2021-04,14319
昆明,2021,5,2021-05,14066
昆明,2021,6,2021-06,13992
昆明,2021,7,2021-07,14065
昆明,2021,8,2021-08,13870
昆明,2021,9,2021-09,13984
昆明,2021,10,2021-10,13815
昆明,2021,11,2021-11,13936
昆明,2021,12,2021-12,13712
昆明,2022,1,2022-01,13624
昆明,2022,2,2022-02,13435
昆明,2022,3,2022-03,13430
昆明,2022,4,2022-04,13464
昆明,2022,5,2022-05,13306
昆明,2022,6,2022-06,13225
昆明,2022,7,2022-07,13135
昆明,2022,8,2022-08,13060
昆明,2022,9,2022-09,12893
昆明,2022,10,2022-10,12741
昆明,2022,11,2022-11,12602
昆明,2022,12,2022-12,12659
昆明,2023,1,2023-01,12588
昆明,2023,2,2023-02,12570
昆明,2023,3,2023-03,12404
昆明,2023,4,2023-04,12403
昆明,2023,5,2023-05,12306
昆明,2023,6,2023-06,12478
昆明,2023,7,2023-07,12507
昆明,2023,8,2023-08,12538
昆明,2023,9,2023-09,12558
昆明,2023,10,2023-10,12672
昆明,2023,11,2023-11,12736
昆明,2023,12,2023-12,12812
昆明,2024,1,2024-01,12758
昆明,2024,2,2024-02,12687
昆明,2024,3,2024-03,12579
昆明,2024,4,2024-04,12552
昆明,2024,5,2024-05,12424
昆明,2024,6,2024-06,12411
昆明,2024,7,2024-07,12473
昆明,2024,8,2024-08,12515
昆明,2024,9,2024-09,12467
昆明,2024,10,2024-10,12467
昆明,2024,11,2024-11,12418
昆明,2024,12,2024-12,12384
昆明,2025,1,2025-01,12384
昆明,2025,2,2025-02,12376
昆明,2025,3,2025-03,12410
昆明,2025,4,2025-04,12461
昆明,2025,5,2025-05,12406
昆明,2025,6,2025-06,12335
昆明,2025,7,2025-07,12270
昆明,2025,8,2025-08,12270
昆明,2025,9,2025-09,12270
昆明,2025,10,2025-10,12240
昆明,2025,11,2025-11,12245
昆明,2025,12,2025-12,12145
福州,2017,1,2017-01,17217
福州,2017,2,2017-02,17010
福州,2017,3,2017-03,17367
福州,2017,4,2017-04,17930
福州,2017,5,2017-05,18231
福州,2017,6,2017-06,19463
福州,2017,7,2017-07,21570
福州,2017,8,2017-08,22200
福州,2017,9,2017-09,21768
福州,2017,10,2017-10,20575
福州,2017,11,2017-11,19798
福州,2017,12,2017-12,19991
福州,2018,1,2018-01,19380
福州,2018,2,2018-02,18983
福州,2018,3,2018-03,18891
福州,2018,4,2018-04,18777
福州,2018,5,2018-05,20032
福州,2018,6,2018-06,19808
福州,2018,7,2018-07,19841
福州,2018,8,2018-08,19993
福州,2018,9,2018-09,19909
福州,2018,10,2018-10,20072
福州,2018,11,2018-11,18336
福州,2018,12,2018-12,18436
福州,2019,1,2019-01,18039
福州,2019,2,2019-02,17284
福州,2019,3,2019-03,17106
福州,2019,4,2019-04,16409
福州,2019,5,2019-05,16296
福州,2019,6,2019-06,16671
福州,2019,7,2019-07,16507
福州,2019,8,2019-08,17052
福州,2019,9,2019-09,16500
福州,2019,10,2019-10,18193
福州,2019,11,2019-11,18574
福州,2019,12,2019-12,18155
福州,2020,1,2020-01,18244
福州,2020,2,2020-02,17548
福州,2020,3,2020-03,17958
福州,2020,4,2020-04,18187
福州,2020,5,2020-05,18437
福州,2020,6,2020-06,18369
福州,2020,7,2020-07,18197
福州,2020,8,2020-08,18184
福州,2020,9,2020-09,18307
福州,2020,10,2020-10,18029
福州,2020,11,2020-11,18438
福州,2020,12,2020-12,18498
福州,2021,1,2021-01,18519
福州,2021,2,2021-02,18229
福州,2021,3,2021-03,16214
福州,2021,4,2021-04,16386
福州,2021,5,2021-05,17046
福州,2021,6,2021-06,17087
福州,2021,7,2021-07,17971
福州,2021,8,2021-08,17947
福州,2021,9,2021-09,17945
福州,2021,10,2021-10,18393
福州,2021,11,2021-11,18482
福州,2021,12,2021-12,19288
福州,2022,1,2022-01,19530
福州,2022,2,2022-02,19505
福州,2022,3,2022-03,19013
福州,2022,4,2022-04,18720
福州,2022,5,2022-05,18705
福州,2022,6,2022-06,18939
福州,2022,7,2022-07,19239
福州,2022,8,2022-08,19569
福州,2022,9,2022-09,19818
福州,2022,10,2022-10,19686
福州,2022,11,2022-11,19658
福州,2022,12,2022-12,19837
福州,2023,1,2023-01,19655
福州,2023,2,2023-02,19640
福州,2023,3,2023-03,19569
福州,2023,4,2023-04,19879
福州,2023,5,2023-05,19662
福州,2023,6,2023-06,19697
福州,2023,7,2023-07,19814
福州,2023,8,2023-08,19628
福州,2023,9,2023-09,19913
福州,2023,10,2023-10,20143
福州,2023,11,2023-11,20076
福州,2023,12,2023-12,20278
福州,2024,1,2024-01,19960
福州,2024,2,2024-02,20824
福州,2024,3,2024-03,20699
福州,2024,4,2024-04,20775
福州,2024,5,2024-05,20920
福州,2024,6,2024-06,21103
福州,2024,7,2024-07,20949
福州,2024,8,2024-08,20949
福州,2024,9,2024-09,21052
福州,2024,10,2024-10,20774
福州,2024,11,2024-11,20599
福州,2024,12,2024-12,20846
福州,2025,1,2025-01,20763
福州,2025,2,2025-02,20548
福州,2025,3,2025-03,20380
福州,2025,4,2025-04,20232
福州,2025,5,2025-05,20089
福州,2025,6,2025-06,19889
福州,2025,7,2025-07,19889
福州,2025,8,2025-08,19965
福州,2025,9,2025-09,19965
福州,2025,10,2025-10,19822
福州,2025,11,2025-11,19695
福州,2025,12,2025-12,19585
济南,2017,1,2017-01,10982
济南,2017,2,2017-02,11185
济南,2017,3,2017-03,11699
济南,2017,4,2017-04,12215
济南,2017,5,2017-05,12645
济南,2017,6,2017-06,13713
济南,2017,7,2017-07,14713
济南,2017,8,2017-08,15933
济南,2017,9,2017-09,15608
济南,2017,10,2017-10,14764
济南,2017,11,2017-11,15641
济南,2017,12,2017-12,16188
济南,2018,1,2018-01,16358
济南,2018,2,2018-02,16292
济南,2018,3,2018-03,15713
济南,2018,4,2018-04,16152
济南,2018,5,2018-05,16590
济南,2018,6,2018-06,16821
济南,2018,7,2018-07,16546
济南,2018,8,2018-08,17298
济南,2018,9,2018-09,17128
济南,2018,10,2018-10,16778
济南,2018,11,2018-11,16188
济南,2018,12,2018-12,15827
济南,2019,1,2019-01,15669
济南,2019,2,2019-02,15823
济南,2019,3,2019-03,15608
济南,2019,4,2019-04,15734
济南,2019,5,2019-05,15776
济南,2019,6,2019-06,15724
济南,2019,7,2019-07,15498
济南,2019,8,2019-08,15372
济南,2019,9,2019-09,14862
济南,2019,10,2019-10,14707
济南,2019,11,2019-11,14557
济南,2019,12,2019-12,14547
济南,2020,1,2020-01,14623
济南,2020,2,2020-02,14573
济南,2020,3,2020-03,14419
济南,2020,4,2020-04,14406
济南,2020,5,2020-05,14490
济南,2020,6,2020-06,14495
济南,2020,7,2020-07,14295
济南,2020,8,2020-08,14441
济南,2020,9,2020-09,14501
济南,2020,10,2020-10,14542
济南,2020,11,2020-11,13722
济南,2020,12,2020-12,13471
济南,2021,1,2021-01,13365
济南,2021,2,2021-02,13327
济南,2021,3,2021-03,13274
济南,2021,4,2021-04,13486
济南,2021,5,2021-05,13225
济南,2021,6,2021-06,13687
济南,2021,7,2021-07,13677
济南,2021,8,2021-08,14214
济南,2021,9,2021-09,14247
济南,2021,10,2021-10,14228
济南,2021,11,2021-11,14265
济南,2021,12,2021-12,14051
济南,2022,1,2022-01,13993
济南,2022,2,2022-02,14169
济南,2022,3,2022-03,14250
济南,2022,4,2022-04,14220
济南,2022,5,2022-05,14553
济南,2022,6,2022-06,14561
济南,2022,7,2022-07,14411
济南,2022,8,2022-08,14474
济南,2022,9,2022-09,14333
济南,2022,10,2022-10,14316
济南,2022,11,2022-11,14076
济南,2022,12,2022-12,14041
济南,2023,1,2023-01,13948
济南,2023,2,2023-02,13856
济南,2023,3,2023-03,13950
济南,2023,4,2023-04,13997
济南,2023,5,2023-05,14122
济南,2023,6,2023-06,14239
济南,2023,7,2023-07,13937
济南,2023,8,2023-08,14015
济南,2023,9,2023-09,14277
济南,2023,10,2023-10,14408
济南,2023,11,2023-11,14288
济南,2023,12,2023-12,14313
济南,2024,1,2024-01,14271
济南,2024,2,2024-02,14183
济南,2024,3,2024-03,14130
济南,2024,4,2024-04,14120
济南,2024,5,2024-05,14087
济南,2024,6,2024-06,14128
济南,2024,7,2024-07,14106
济南,2024,8,2024-08,14037
济南,2024,9,2024-09,14074
济南,2024,10,2024-10,13977
济南,2024,11,2024-11,13977
济南,2024,12,2024-12,13959
济南,2025,1,2025-01,13859
济南,2025,2,2025-02,14193
济南,2025,3,2025-03,14180
济南,2025,4,2025-04,14180
济南,2025,5,2025-05,14098
济南,2025,6,2025-06,14060
济南,2025,7,2025-07,13986
济南,2025,8,2025-08,13940
济南,2025,9,2025-09,14113
济南,2025,10,2025-10,14350
济南,2025,11,2025-11,14350
济南,2025,12,2025-12,14350
贵阳,2017,1,2017-01,5321
贵阳,2017,2,2017-02,5321
贵阳,2017,3,2017-03,5324
贵阳,2017,4,2017-04,5324
贵阳,2017,5,2017-05,5339
贵阳,2017,6,2017-06,5340
贵阳,2017,7,2017-07,5356
贵阳,2017,8,2017-08,5711
贵阳,2017,9,2017-09,5871
贵阳,2017,10,2017-10,5935
贵阳,2017,11,2017-11,6233
贵阳,2017,12,2017-12,6295
贵阳,2018,1,2018-01,6834
贵阳,2018,2,2018-02,6841
贵阳,2018,3,2018-03,6826
贵阳,2018,4,2018-04,6766
贵阳,2018,5,2018-05,8795
贵阳,2018,6,2018-06,9212
贵阳,2018,7,2018-07,9787
贵阳,2018,8,2018-08,10207
贵阳,2018,9,2018-09,11301
贵阳,2018,10,2018-10,11099
贵阳,2018,11,2018-11,11864
贵阳,2018,12,2018-12,11838
贵阳,2019,1,2019-01,11589
贵阳,2019,2,2019-02,11264
贵阳,2019,3,2019-03,11129
贵阳,2019,4,2019-04,11004
贵阳,2019,5,2019-05,11018
贵阳,2019,6,2019-06,10942
贵阳,2019,7,2019-07,10801
贵阳,2019,8,2019-08,10854
贵阳,2019,9,2019-09,11038
贵阳,2019,10,2019-10,10840
贵阳,2019,11,2019-11,10342
贵阳,2019,12,2019-12,10351
贵阳,2020,1,2020-01,10353
贵阳,2020,2,2020-02,10228
贵阳,2020,3,2020-03,10223
贵阳,2020,4,2020-04,10065
贵阳,2020,5,2020-05,9917
贵阳,2020,6,2020-06,9888
贵阳,2020,7,2020-07,9639
贵阳,2020,8,2020-08,9607
贵阳,2020,9,2020-09,9657
贵阳,2020,10,2020-10,9595
贵阳,2020,11,2020-11,9641
贵阳,2020,12,2020-12,9426
贵阳,2021,1,2021-01,9276
贵阳,2021,2,2021-02,9359
贵阳,2021,3,2021-03,9134
贵阳,2021,4,2021-04,9050
贵阳,2021,5,2021-05,9188
贵阳,2021,6,2021-06,9392
贵阳,2021,7,2021-07,9512
贵阳,2021,8,2021-08,9455
贵阳,2021,9,2021-09,9635
贵阳,2021,10,2021-10,9525
贵阳,2021,11,2021-11,9571
贵阳,2021,12,2021-12,9545
贵阳,2022,1,2022-01,9557
贵阳,2022,2,2022-02,9511
贵阳,2022,3,2022-03,9458
贵阳,2022,4,2022-04,9432
贵阳,2022,5,2022-05,9413
贵阳,2022,6,2022-06,9340
贵阳,2022,7,2022-07,9316
贵阳,2022,8,2022-08,9308
贵阳,2022,9,2022-09,9277
贵阳,2022,10,2022-10,9169
贵阳,2022,11,2022-11,9187
贵阳,2022,12,2022-12,9096
贵阳,2023,1,2023-01,9106
贵阳,2023,2,2023-02,9175
贵阳,2023,3,2023-03,9205
贵阳,2023,4,2023-04,9108
贵阳,2023,5,2023-05,9144
贵阳,2023,6,2023-06,9055
贵阳,2023,7,2023-07,9025
贵阳,2023,8,2023-08,9087
贵阳,2023,9,2023-09,9048
贵阳,2023,10,2023-10,9104
贵阳,2023,11,2023-11,9091
贵阳,2023,12,2023-12,9161
贵阳,2024,1,2024-01,9165
贵阳,2024,2,2024-02,9162
贵阳,2024,3,2024-03,9069
贵阳,2024,4,2024-04,9067
贵阳,2024,5,2024-05,8960
贵阳,2024,6,2024-06,9039
贵阳,2024,7,2024-07,9040
贵阳,2024,8,2024-08,9040
贵阳,2024,9,2024-09,9035
贵阳,2024,10,2024-10,9035
贵阳,2024,11,2024-11,9035
贵阳,2024,12,2024-12,9035
贵阳,2025,1,2025-01,8994
贵阳,2025,2,2025-02,8990
贵阳,2025,3,2025-03,8990
贵阳,2025,4,2025-04,8927
贵阳,2025,5,2025-05,8824
贵阳,2025,6,2025-06,8686
贵阳,2025,7,2025-07,8686
贵阳,2025,8,2025-08,8663
贵阳,2025,9,2025-09,8618
贵阳,2025,10,2025-10,8762
贵阳,2025,11,2025-11,8762
贵阳,2025,12,2025-12,8762
南昌,2017,1,2017-01,9755
南昌,2017,2,2017-02,9963
南昌,2017,3,2017-03,10224
南昌,2017,4,2017-04,10663
南昌,2017,5,2017-05,10872
南昌,2017,6,2017-06,11752
南昌,2017,7,2017-07,11935
南昌,2017,8,2017-08,12076
南昌,2017,9,2017-09,12622
南昌,2017,10,2017-10,12508
南昌,2017,11,2017-11,12356
南昌,2017,12,2017-12,12196
南昌,2018,1,2018-01,12291
南昌,2018,2,2018-02,12388
南昌,2018,3,2018-03,12581
南昌,2018,4,2018-04,12791
南昌,2018,5,2018-05,13067
南昌,2018,6,2018-06,13614
南昌,2018,7,2018-07,14139
南昌,2018,8,2018-08,14640
南昌,2018,9,2018-09,14397
南昌,2018,10,2018-10,14172
南昌,2018,11,2018-11,14086
南昌,2018,12,2018-12,13807
南昌,2019,1,2019-01,13647
南昌,2019,2,2019-02,13544
南昌,2019,3,2019-03,13728
南昌,2019,4,2019-04,13881
南昌,2019,5,2019-05,13771
南昌,2019,6,2019-06,13653
南昌,2019,7,2019-07,13487
南昌,2019,8,2019-08,13773
南昌,2019,9,2019-09,13666
南昌,2019,10,2019-10,13506
南昌,2019,11,2019-11,13643
南昌,2019,12,2019-12,13267
南昌,2020,1,2020-01,13149
南昌,2020,2,2020-02,13158
南昌,2020,3,2020-03,13124
南昌,2020,4,2020-04,13224
南昌,2020,5,2020-05,13250
南昌,2020,6,2020-06,13311
南昌,2020,7,2020-07,13281
南昌,2020,8,2020-08,13187
南昌,2020,9,2020-09,12924
南昌,2020,10,2020-10,12941
南昌,2020,11,2020-11,12894
南昌,2020,12,2020-12,12762
南昌,2021,1,2021-01,12616
南昌,2021,2,2021-02,12553
南昌,2021,3,2021-03,12573
南昌,2021,4,2021-04,12371
南昌,2021,5,2021-05,12338
南昌,2021,6,2021-06,12402
南昌,2021,7,2021-07,12350
南昌,2021,8,2021-08,12386
南昌,2021,9,2021-09,12525
南昌,2021,10,2021-10,12356
南昌,2021,11,2021-11,12012
南昌,2021,12,2021-12,12031
南昌,2022,1,2022-01,11975
南昌,2022,2,2022-02,11878
南昌,2022,3,2022-03,11931
南昌,2022,4,2022-04,11885
南昌,2022,5,2022-05,11881
南昌,2022,6,2022-06,11911
南昌,2022,7,2022-07,11878
南昌,2022,8,2022-08,11941
南昌,2022,9,2022-09,11840
南昌,2022,10,2022-10,11968
南昌,2022,11,2022-11,12059
南昌,2022,12,2022-12,12005
南昌,2023,1,2023-01,11979
南昌,2023,2,2023-02,11916
南昌,2023,3,2023-03,11593
南昌,2023,4,2023-04,11574
南昌,2023,5,2023-05,11436
南昌,2023,6,2023-06,11417
南昌,2023,7,2023-07,11420
南昌,2023,8,2023-08,11370
南昌,2023,9,2023-09,11224
南昌,2023,10,2023-10,11172
南昌,2023,11,2023-11,11187
南昌,2023,12,2023-12,11217
南昌,2024,1,2024-01,11269
南昌,2024,2,2024-02,11212
南昌,2024,3,2024-03,11294
南昌,2024,4,2024-04,11320
南昌,2024,5,2024-05,11299
南昌,2024,6,2024-06,11246
南昌,2024,7,2024-07,11369
南昌,2024,8,2024-08,11361
南昌,2024,9,2024-09,11384
南昌,2024,10,2024-10,11403
南昌,2024,11,2024-11,11403
南昌,2024,12,2024-12,11403
南昌,2025,1,2025-01,11403
南昌,2025,2,2025-02,11341
南昌,2025,3,2025-03,11215
南昌,2025,4,2025-04,11279
南昌,2025,5,2025-05,11251
南昌,2025,6,2025-06,11251
南昌,2025,7,2025-07,11221
南昌,2025,8,2025-08,11258
南昌,2025,9,2025-09,11254
南昌,2025,10,2025-10,11254
南昌,2025,11,2025-11,11360
南昌,2025,12,2025-12,11398
杭州,2017,1,2017-01,20721
杭州,2017,2,2017-02,20989
杭州,2017,3,2017-03,21112
杭州,2017,4,2017-04,21453
杭州,2017,5,2017-05,21743
杭州,2017,6,2017-06,24222
杭州,2017,7,2017-07,25301
杭州,2017,8,2017-08,24898
杭州,2017,9,2017-09,24898
杭州,2017,10,2017-10,25664
杭州,2017,11,2017-11,27661
杭州,2017,12,2017-12,25653
杭州,2018,1,2018-01,25269
杭州,2018,2,2018-02,25646
杭州,2018,3,2018-03,25880
杭州,2018,4,2018-04,25162
杭州,2018,5,2018-05,26035
杭州,2018,6,2018-06,27845
杭州,2018,7,2018-07,26763
杭州,2018,8,2018-08,25574
杭州,2018,9,2018-09,24367
杭州,2018,10,2018-10,22906
杭州,2018,11,2018-11,21576
杭州,2018,12,2018-12,23062
杭州,2019,1,2019-01,23270
杭州,2019,2,2019-02,23172
杭州,2019,3,2019-03,23043
杭州,2019,4,2019-04,22571
杭州,2019,5,2019-05,22974
杭州,2019,6,2019-06,23132
杭州,2019,7,2019-07,22587
杭州,2019,8,2019-08,22400
杭州,2019,9,2019-09,24013
杭州,2019,10,2019-10,24025
杭州,2019,11,2019-11,24718
杭州,2019,12,2019-12,26273
杭州,2020,1,2020-01,25687
杭州,2020,2,2020-02,26007
杭州,2020,3,2020-03,25356
杭州,2020,4,2020-04,24951
杭州,2020,5,2020-05,25532
杭州,2020,6,2020-06,24925
杭州,2020,7,2020-07,24840
杭州,2020,8,2020-08,24449
杭州,2020,9,2020-09,24125
杭州,2020,10,2020-10,23396
杭州,2020,11,2020-11,23054
杭州,2020,12,2020-12,22760
杭州,2021,1,2021-01,22790
杭州,2021,2,2021-02,22410
杭州,2021,3,2021-03,22435
杭州,2021,4,2021-04,22123
杭州,2021,5,2021-05,21127
杭州,2021,6,2021-06,20601
杭州,2021,7,2021-07,20466
杭州,2021,8,2021-08,20432
杭州,2021,9,2021-09,20854
杭州,2021,10,2021-10,21224
杭州,2021,11,2021-11,21154
杭州,2021,12,2021-12,21100
杭州,2022,1,2022-01,20817
杭州,2022,2,2022-02,20923
杭州,2022,3,2022-03,21222
杭州,2022,4,2022-04,21235
杭州,2022,5,2022-05,21938
杭州,2022,6,2022-06,22487
杭州,2022,7,2022-07,22399
杭州,2022,8,2022-08,21992
杭州,2022,9,2022-09,22933
杭州,2022,10,2022-10,23693
杭州,2022,11,2022-11,23754
杭州,2022,12,2022-12,24267
杭州,2023,1,2023-01,24322
杭州,2023,2,2023-02,24196
杭州,2023,3,2023-03,23440
杭州,2023,4,2023-04,23233
杭州,2023,5,2023-05,22602
杭州,2023,6,2023-06,22893
杭州,2023,7,2023-07,22798
杭州,2023,8,2023-08,23157
杭州,2023,9,2023-09,23128
杭州,2023,10,2023-10,23349
杭州,2023,11,2023-11,22545
杭州,2023,12,2023-12,22561
杭州,2024,1,2024-01,22906
杭州,2024,2,2024-02,22515
杭州,2024,3,2024-03,22825
杭州,2024,4,2024-04,22549
杭州,2024,5,2024-05,22393
杭州,2024,6,2024-06,22916
杭州,2024,7,2024-07,22836
杭州,2024,8,2024-08,22817
杭州,2024,9,2024-09,22494
杭州,2024,10,2024-10,22383
杭州,2024,11,2024-11,22104
杭州,2024,12,2024-12,21562
杭州,2025,1,2025-01,21466
杭州,2025,2,2025-02,21258
杭州,2025,3,2025-03,20961
杭州,2025,4,2025-04,20847
杭州,2025,5,2025-05,21222
杭州,2025,6,2025-06,21416
杭州,2025,7,2025-07,21416
杭州,2025,8,2025-08,21416
杭州,2025,9,2025-09,21580
杭州,2025,10,2025-10,21580
杭州,2025,11,2025-11,21708
杭州,2025,12,2025-12,21427
合肥,2017,1,2017-01,12436
合肥,2017,2,2017-02,12652
合肥,2017,3,2017-03,12679
合肥,2017,4,2017-04,12712
合肥,2017,5,2017-05,12656
合肥,2017,6,2017-06,13584
合肥,2017,7,2017-07,13556
合肥,2017,8,2017-08,13645
合肥,2017,9,2017-09,13644
合肥,2017,10,2017-10,14087
合肥,2017,11,2017-11,14008
合肥,2017,12,2017-12,14276
合肥,2018,1,2018-01,13586
合肥,2018,2,2018-02,13848
合肥,2018,3,2018-03,14000
合肥,2018,4,2018-04,14240
合肥,2018,5,2018-05,14456
合肥,2018,6,2018-06,14078
合肥,2018,7,2018-07,14284
合肥,2018,8,2018-08,14269
合肥,2018,9,2018-09,14475
合肥,2018,10,2018-10,14618
合肥,2018,11,2018-11,14530
合肥,2018,12,2018-12,14771
合肥,2019,1,2019-01,14688
合肥,2019,2,2019-02,14638
合肥,2019,3,2019-03,14625
合肥,2019,4,2019-04,14853
合肥,2019,5,2019-05,15019
合肥,2019,6,2019-06,15063
合肥,2019,7,2019-07,15306
合肥,2019,8,2019-08,15280
合肥,2019,9,2019-09,15115
合肥,2019,10,2019-10,14998
合肥,2019,11,2019-11,15034
合肥,2019,12,2019-12,15052
合肥,2020,1,2020-01,15173
合肥,2020,2,2020-02,15023
合肥,2020,3,2020-03,15112
合肥,2020,4,2020-04,15015
合肥,2020,5,2020-05,14982
合肥,2020,6,2020-06,15025
合肥,2020,7,2020-07,15006
合肥,2020,8,2020-08,14797
合肥,2020,9,2020-09,15060
合肥,2020,10,2020-10,15142
合肥,2020,11,2020-11,15032
合肥,2020,12,2020-12,14423
合肥,2021,1,2021-01,14316
合肥,2021,2,2021-02,13785
合肥,2021,3,2021-03,13851
合肥,2021,4,2021-04,13613
合肥,2021,5,2021-05,13366
合肥,2021,6,2021-06,13170
合肥,2021,7,2021-07,13756
合肥,2021,8,2021-08,12645
合肥,2021,9,2021-09,12125
合肥,2021,10,2021-10,12286
合肥,2021,11,2021-11,12894
合肥,2021,12,2021-12,13739
合肥,2022,1,2022-01,14206
合肥,2022,2,2022-02,13785
合肥,2022,3,2022-03,14262
合肥,2022,4,2022-04,14713
合肥,2022,5,2022-05,14544
合肥,2022,6,2022-06,15057
合肥,2022,7,2022-07,14808
合肥,2022,8,2022-08,15196
合肥,2022,9,2022-09,14887
合肥,2022,10,2022-10,14870
合肥,2022,11,2022-11,15262
合肥,2022,12,2022-12,15419
合肥,2023,1,2023-01,15731
合肥,2023,2,2023-02,15919
合肥,2023,3,2023-03,16208
合肥,2023,4,2023-04,16585
合肥,2023,5,2023-05,16640
合肥,2023,6,2023-06,16443
合肥,2023,7,2023-07,16494
合肥,2023,8,2023-08,16687
合肥,2023,9,2023-09,16591
合肥,2023,10,2023-10,16816
合肥,2023,11,2023-11,16844
合肥,2023,12,2023-12,17057
合肥,2024,1,2024-01,17036
合肥,2024,2,2024-02,17061
合肥,2024,3,2024-03,16922
合肥,2024,4,2024-04,16870
合肥,2024,5,2024-05,17110
合肥,2024,6,2024-06,17062
合肥,2024,7,2024-07,17025
合肥,2024,8,2024-08,17053
合肥,2024,9,2024-09,17076
合肥,2024,10,2024-10,17071
合肥,2024,11,2024-11,17138
合肥,2024,12,2024-12,17201
合肥,2025,1,2025-01,17211
合肥,2025,2,2025-02,17173
合肥,2025,3,2025-03,17097
合肥,2025,4,2025-04,17093
合肥,2025,5,2025-05,17098
合肥,2025,6,2025-06,17054
合肥,2025,7,2025-07,17045
合肥,2025,8,2025-08,17045
合肥,2025,9,2025-09,17070
合肥,2025,10,2025-10,17087
合肥,2025,11,2025-11,17080
合肥,2025,12,2025-12,17023
乌鲁木齐,2017,1,2017-01,6579
乌鲁木齐,2017,2,2017-02,6579
乌鲁木齐,2017,3,2017-03,6570
乌鲁木齐,2017,4,2017-04,7370
乌鲁木齐,2017,5,2017-05,7362
乌鲁木齐,2017,6,2017-06,7406
乌鲁木齐,2017,7,2017-07,7074
乌鲁木齐,2017,8,2017-08,7177
乌鲁木齐,2017,9,2017-09,7399
乌鲁木齐,2017,10,2017-10,7414
乌鲁木齐,2017,11,2017-11,7420
乌鲁木齐,2017,12,2017-12,8306
乌鲁木齐,2018,1,2018-01,8437
乌鲁木齐,2018,2,2018-02,8522
乌鲁木齐,2018,3,2018-03,8909
乌鲁木齐,2018,4,2018-04,9085
乌鲁木齐,2018,5,2018-05,9105
乌鲁木齐,2018,6,2018-06,9082
乌鲁木齐,2018,7,2018-07,9083
乌鲁木齐,2018,8,2018-08,8939
乌鲁木齐,2018,9,2018-09,8721
乌鲁木齐,2018,10,2018-10,8801
乌鲁木齐,2018,11,2018-11,8967
乌鲁木齐,2018,12,2018-12,9170
乌鲁木齐,2019,1,2019-01,9320
乌鲁木齐,2019,2,2019-02,9336
乌鲁木齐,2019,3,2019-03,9298
乌鲁木齐,2019,4,2019-04,9293
乌鲁木齐,2019,5,2019-05,9355
乌鲁木齐,2019,6,2019-06,9473
乌鲁木齐,2019,7,2019-07,9385
乌鲁木齐,2019,8,2019-08,9397
乌鲁木齐,2019,9,2019-09,9378
乌鲁木齐,2019,10,2019-10,9450
乌鲁木齐,2019,11,2019-11,9508
乌鲁木齐,2019,12,2019-12,9493
乌鲁木齐,2020,1,2020-01,9518
乌鲁木齐,2020,2,2020-02,9361
乌鲁木齐,2020,3,2020-03,9295
乌鲁木齐,2020,4,2020-04,9282
乌鲁木齐,2020,5,2020-05,9229
乌鲁木齐,2020,6,2020-06,9346
乌鲁木齐,2020,7,2020-07,9385
乌鲁木齐,2020,8,2020-08,9372
乌鲁木齐,2020,9,2020-09,9332
乌鲁木齐,2020,10,2020-10,9352
乌鲁木齐,2020,11,2020-11,9427
乌鲁木齐,2020,12,2020-12,9444
乌鲁木齐,2021,1,2021-01,9327
乌鲁木齐,2021,2,2021-02,9358
乌鲁木齐,2021,3,2021-03,9240
乌鲁木齐,2021,4,2021-04,9229
乌鲁木齐,2021,5,2021-05,9203
乌鲁木齐,2021,6,2021-06,9145
乌鲁木齐,2021,7,2021-07,9260
乌鲁木齐,2021,8,2021-08,8975
乌鲁木齐,2021,9,2021-09,8977
乌鲁木齐,2021,10,2021-10,8883
乌鲁木齐,2021,11,2021-11,8798
乌鲁木齐,2021,12,2021-12,8799
乌鲁木齐,2022,1,2022-01,8795
乌鲁木齐,2022,2,2022-02,8792
乌鲁木齐,2022,3,2022-03,8856
乌鲁木齐,2022,4,2022-04,8847
乌鲁木齐,2022,5,2022-05,8839
乌鲁木齐,2022,6,2022-06,8910
乌鲁木齐,2022,7,2022-07,8874
乌鲁木齐,2022,8,2022-08,8822
乌鲁木齐,2022,9,2022-09,8817
乌鲁木齐,2022,10,2022-10,8812
乌鲁木齐,2022,11,2022-11,8806
乌鲁木齐,2022,12,2022-12,8810
乌鲁木齐,2023,1,2023-01,8851
乌鲁木齐,2023,2,2023-02,8856
乌鲁木齐,2023,3,2023-03,8792
乌鲁木齐,2023,4,2023-04,8799
乌鲁木齐,2023,5,2023-05,8814
乌鲁木齐,2023,6,2023-06,8804
乌鲁木齐,2023,7,2023-07,8734
乌鲁木齐,2023,8,2023-08,8704
乌鲁木齐,2023,9,2023-09,8697
乌鲁木齐,2023,10,2023-10,8702
乌鲁木齐,2023,11,2023-11,8732
乌鲁木齐,2023,12,2023-12,8741
乌鲁木齐,2024,1,2024-01,8729
乌鲁木齐,2024,2,2024-02,8729
乌鲁木齐,2024,3,2024-03,8693
乌鲁木齐,2024,4,2024-04,8689
乌鲁木齐,2024,5,2024-05,8675
乌鲁木齐,2024,6,2024-06,8674
乌鲁木齐,2024,7,2024-07,8639
乌鲁木齐,2024,8,2024-08,8629
乌鲁木齐,2024,9,2024-09,8626
乌鲁木齐,2024,10,2024-10,8626
乌鲁木齐,2024,11,2024-11,8623
乌鲁木齐,2024,12,2024-12,8608
乌鲁木齐,2025,1,2025-01,8582
乌鲁木齐,2025,2,2025-02,8551
乌鲁木齐,2025,3,2025-03,8492
乌鲁木齐,2025,4,2025-04,8491
乌鲁木齐,2025,5,2025-05,8468
乌鲁木齐,2025,6,2025-06,8482
乌鲁木齐,2025,7,2025-07,8482
乌鲁木齐,2025,8,2025-08,8453
乌鲁木齐,2025,9,2025-09,8400
乌鲁木齐,2025,10,2025-10,8327
乌鲁木齐,2025,11,2025-11,8305
乌鲁木齐,2025,12,2025-12,8305
广州,2017,1,2017-01,21511
广州,2017,2,2017-02,21631
广州,2017,3,2017-03,23116
广州,2017,4,2017-04,24187
广州,2017,5,2017-05,24824
广州,2017,6,2017-06,29810
广州,2017,7,2017-07,29525
广州,2017,8,2017-08,30121
广州,2017,9,2017-09,30525
广州,2017,10,2017-10,30352
广州,2017,11,2017-11,30745
广州,2017,12,2017-12,30298
广州,2018,1,2018-01,30470
广州,2018,2,2018-02,30894
广州,2018,3,2018-03,31965
广州,2018,4,2018-04,31655
广州,2018,5,2018-05,32263
广州,2018,6,2018-06,31055
广州,2018,7,2018-07,30857
广州,2018,8,2018-08,32208
广州,2018,9,2018-09,31945
广州,2018,10,2018-10,30337
广州,2018,11,2018-11,29937
广州,2018,12,2018-12,29953
广州,2019,1,2019-01,29442
广州,2019,2,2019-02,29274
广州,2019,3,2019-03,29129
广州,2019,4,2019-04,29607
广州,2019,5,2019-05,29980
广州,2019,6,2019-06,30105
广州,2019,7,2019-07,30856
广州,2019,8,2019-08,29661
广州,2019,9,2019-09,29915
广州,2019,10,2019-10,30978
广州,2019,11,2019-11,31130
广州,2019,12,2019-12,31578
广州,2020,1,2020-01,32031
广州,2020,2,2020-02,32350
广州,2020,3,2020-03,32051
广州,2020,4,2020-04,31614
广州,2020,5,2020-05,32035
广州,2020,6,2020-06,31797
广州,2020,7,2020-07,32188
广州,2020,8,2020-08,32019
广州,2020,9,2020-09,31663
广州,2020,10,2020-10,31488
广州,2020,11,2020-11,31360
广州,2020,12,2020-12,31790
广州,2021,1,2021-01,31337
广州,2021,2,2021-02,31453
广州,2021,3,2021-03,31602
广州,2021,4,2021-04,31458
广州,2021,5,2021-05,31227
广州,2021,6,2021-06,31071
广州,2021,7,2021-07,33261
广州,2021,8,2021-08,34505
广州,2021,9,2021-09,33670
广州,2021,10,2021-10,33323
广州,2021,11,2021-11,33296
广州,2021,12,2021-12,33376
广州,2022,1,2022-01,33222
广州,2022,2,2022-02,33334
广州,2022,3,2022-03,33372
广州,2022,4,2022-04,32972
广州,2022,5,2022-05,32863
广州,2022,6,2022-06,33099
广州,2022,7,2022-07,34014
广州,2022,8,2022-08,34538
广州,2022,9,2022-09,34171
广州,2022,10,2022-10,34013
广州,2022,11,2022-11,34278
广州,2022,12,2022-12,34567
广州,2023,1,2023-01,34612
广州,2023,2,2023-02,34847
广州,2023,3,2023-03,34874
广州,2023,4,2023-04,35065
广州,2023,5,2023-05,35319
广州,2023,6,2023-06,35215
广州,2023,7,2023-07,35653
广州,2023,8,2023-08,35430
广州,2023,9,2023-09,35909
广州,2023,10,2023-10,36347
广州,2023,11,2023-11,36359
广州,2023,12,2023-12,36610
广州,2024,1,2024-01,36472
广州,2024,2,2024-02,36185
广州,2024,3,2024-03,35993
广州,2024,4,2024-04,35953
广州,2024,5,2024-05,36107
广州,2024,6,2024-06,35910
广州,2024,7,2024-07,35919
广州,2024,8,2024-08,35846
广州,2024,9,2024-09,35909
广州,2024,10,2024-10,35942
广州,2024,11,2024-11,35946
广州,2024,12,2024-12,36007
广州,2025,1,2025-01,35600
广州,2025,2,2025-02,35900
广州,2025,3,2025-03,35722
广州,2025,4,2025-04,35710
广州,2025,5,2025-05,35554
广州,2025,6,2025-06,35554
广州,2025,7,2025-07,35554
广州,2025,8,2025-08,36950
广州,2025,9,2025-09,36769
广州,2025,10,2025-10,36704
广州,2025,11,2025-11,36704
广州,2025,12,2025-12,36720
郑州,2017,1,2017-01,10884
郑州,2017,2,2017-02,11080
郑州,2017,3,2017-03,11254
郑州,2017,4,2017-04,11349
郑州,2017,5,2017-05,11358
郑州,2017,6,2017-06,13292
郑州,2017,7,2017-07,13203
郑州,2017,8,2017-08,13136
郑州,2017,9,2017-09,13465
郑州,2017,10,2017-10,13369
郑州,2017,11,2017-11,13086
郑州,2017,12,2017-12,12931
郑州,2018,1,2018-01,12912
郑州,2018,2,2018-02,12919
郑州,2018,3,2018-03,13139
郑州,2018,4,2018-04,13377
郑州,2018,5,2018-05,13728
郑州,2018,6,2018-06,13787
郑州,2018,7,2018-07,13719
郑州,2018,8,2018-08,13704
郑州,2018,9,2018-09,13854
郑州,2018,10,2018-10,13799
郑州,2018,11,2018-11,13669
郑州,2018,12,2018-12,13845
郑州,2019,1,2019-01,13837
郑州,2019,2,2019-02,13864
郑州,2019,3,2019-03,13974
郑州,2019,4,2019-04,13845
郑州,2019,5,2019-05,13768
郑州,2019,6,2019-06,13989
郑州,2019,7,2019-07,13981
郑州,2019,8,2019-08,14138
郑州,2019,9,2019-09,13939
郑州,2019,10,2019-10,13901
郑州,2019,11,2019-11,13899
郑州,2019,12,2019-12,14014
郑州,2020,1,2020-01,14046
郑州,2020,2,2020-02,14026
郑州,2020,3,2020-03,13946
郑州,2020,4,2020-04,13888
郑州,2020,5,2020-05,13972
郑州,2020,6,2020-06,13782
郑州,2020,7,2020-07,13707
郑州,2020,8,2020-08,13890
郑州,2020,9,2020-09,13853
郑州,2020,10,2020-10,13818
郑州,2020,11,2020-11,12743
郑州,2020,12,2020-12,12866
郑州,2021,1,2021-01,12898
郑州,2021,2,2021-02,13155
郑州,2021,3,2021-03,13007
郑州,2021,4,2021-04,13156
郑州,2021,5,2021-05,12970
郑州,2021,6,2021-06,12508
郑州,2021,7,2021-07,12375
郑州,2021,8,2021-08,12922
郑州,2021,9,2021-09,12923
郑州,2021,10,2021-10,13236
郑州,2021,11,2021-11,13024
郑州,2021,12,2021-12,12965
郑州,2022,1,2022-01,12976
郑州,2022,2,2022-02,12812
郑州,2022,3,2022-03,12692
郑州,2022,4,2022-04,12620
郑州,2022,5,2022-05,12698
郑州,2022,6,2022-06,12609
郑州,2022,7,2022-07,12474
郑州,2022,8,2022-08,12496
郑州,2022,9,2022-09,12553
郑州,2022,10,2022-10,12485
郑州,2022,11,2022-11,12531
郑州,2022,12,2022-12,12181
郑州,2023,1,2023-01,12187
郑州,2023,2,2023-02,12242
郑州,2023,3,2023-03,12285
郑州,2023,4,2023-04,12411
郑州,2023,5,2023-05,12203
郑州,2023,6,2023-06,12058
郑州,2023,7,2023-07,12117
郑州,2023,8,2023-08,12160
郑州,2023,9,2023-09,12100
郑州,2023,10,2023-10,12070
郑州,2023,11,2023-11,12090
郑州,2023,12,2023-12,12130
郑州,2024,1,2024-01,12040
郑州,2024,2,2024-02,12072
郑州,2024,3,2024-03,12096
郑州,2024,4,2024-04,12210
郑州,2024,5,2024-05,12263
郑州,2024,6,2024-06,12299
郑州,2024,7,2024-07,12267
郑州,2024,8,2024-08,12144
郑州,2024,9,2024-09,12405
郑州,2024,10,2024-10,12505
郑州,2024,11,2024-11,12507
郑州,2024,12,2024-12,12558
郑州,2025,1,2025-01,12719
郑州,2025,2,2025-02,12758
郑州,2025,3,2025-03,13374
郑州,2025,4,2025-04,13345
郑州,2025,5,2025-05,13404
郑州,2025,6,2025-06,13404
郑州,2025,7,2025-07,13404
郑州,2025,8,2025-08,13340
郑州,2025,9,2025-09,13452
郑州,2025,10,2025-10,13523
郑州,2025,11,2025-11,13748
郑州,2025,12,2025-12,13748
武汉,2017,1,2017-01,11641
武汉,2017,2,2017-02,11843
武汉,2017,3,2017-03,11714
武汉,2017,4,2017-04,11910
武汉,2017,5,2017-05,12099
武汉,2017,6,2017-06,14642
武汉,2017,7,2017-07,14428
武汉,2017,8,2017-08,14499
武汉,2017,9,2017-09,14848
武汉,2017,10,2017-10,15077
武汉,2017,11,2017-11,14863
武汉,2017,12,2017-12,16167
武汉,2018,1,2018-01,16245
武汉,2018,2,2018-02,16251
武汉,2018,3,2018-03,17882
武汉,2018,4,2018-04,17390
武汉,2018,5,2018-05,18689
武汉,2018,6,2018-06,17478
武汉,2018,7,2018-07,17246
武汉,2018,8,2018-08,16069
武汉,2018,9,2018-09,16118
武汉,2018,10,2018-10,16403
武汉,2018,11,2018-11,15672
武汉,2018,12,2018-12,15634
武汉,2019,1,2019-01,15414
武汉,2019,2,2019-02,15375
武汉,2019,3,2019-03,15213
武汉,2019,4,2019-04,15099
武汉,2019,5,2019-05,15592
武汉,2019,6,2019-06,15194
武汉,2019,7,2019-07,15081
武汉,2019,8,2019-08,15072
武汉,2019,9,2019-09,15129
武汉,2019,10,2019-10,14724
武汉,2019,11,2019-11,15066
武汉,2019,12,2019-12,15290
武汉,2020,1,2020-01,15249
武汉,2020,2,2020-02,15261
武汉,2020,3,2020-03,15253
武汉,2020,4,2020-04,14960
武汉,2020,5,2020-05,14935
武汉,2020,6,2020-06,14960
武汉,2020,7,2020-07,14976
武汉,2020,8,2020-08,15126
武汉,2020,9,2020-09,15020
武汉,2020,10,2020-10,15035
武汉,2020,11,2020-11,15215
武汉,2020,12,2020-12,15426
武汉,2021,1,2021-01,15444
武汉,2021,2,2021-02,15494
武汉,2021,3,2021-03,15049
武汉,2021,4,2021-04,15249
武汉,2021,5,2021-05,15310
武汉,2021,6,2021-06,15200
武汉,2021,7,2021-07,15237
武汉,2021,8,2021-08,15146
武汉,2021,9,2021-09,15297
武汉,2021,10,2021-10,15287
武汉,2021,11,2021-11,15595
武汉,2021,12,2021-12,15917
武汉,2022,1,2022-01,15856
武汉,2022,2,2022-02,15830
武汉,2022,3,2022-03,15752
武汉,2022,4,2022-04,15672
武汉,2022,5,2022-05,15887
武汉,2022,6,2022-06,16183
武汉,2022,7,2022-07,16199
武汉,2022,8,2022-08,15974
武汉,2022,9,2022-09,15977
武汉,2022,10,2022-10,15962
武汉,2022,11,2022-11,15920
武汉,2022,12,2022-12,16028
武汉,2023,1,2023-01,15881
武汉,2023,2,2023-02,16044
武汉,2023,3,2023-03,16332
武汉,2023,4,2023-04,16333
武汉,2023,5,2023-05,16396
武汉,2023,6,2023-06,16207
武汉,2023,7,2023-07,16107
武汉,2023,8,2023-08,16123
武汉,2023,9,2023-09,16211
武汉,2023,10,2023-10,16406
武汉,2023,11,2023-11,16262
武汉,2023,12,2023-12,16265
武汉,2024,1,2024-01,16238
武汉,2024,2,2024-02,16057
武汉,2024,3,2024-03,15949
武汉,2024,4,2024-04,15751
武汉,2024,5,2024-05,15715
武汉,2024,6,2024-06,15639
武汉,2024,7,2024-07,15685
武汉,2024,8,2024-08,15736
武汉,2024,9,2024-09,15781
武汉,2024,10,2024-10,15701
武汉,2024,11,2024-11,15552
武汉,2024,12,2024-12,15582
武汉,2025,1,2025-01,15469
武汉,2025,2,2025-02,15330
武汉,2025,3,2025-03,15371
武汉,2025,4,2025-04,15301
武汉,2025,5,2025-05,15368
武汉,2025,6,2025-06,15339
武汉,2025,7,2025-07,15339
武汉,2025,8,2025-08,15386
武汉,2025,9,2025-09,15250
武汉,2025,10,2025-10,15328
武汉,2025,11,2025-11,15277
武汉,2025,12,2025-12,15415
南宁,2017,1,2017-01,8973
南宁,2017,2,2017-02,9008
南宁,2017,3,2017-03,9285
南宁,2017,4,2017-04,9677
南宁,2017,5,2017-05,10070
南宁,2017,6,2017-06,11561
南宁,2017,7,2017-07,11706
南宁,2017,8,2017-08,11753
南宁,2017,9,2017-09,11528
南宁,2017,10,2017-10,12073
南宁,2017,11,2017-11,12098
南宁,2017,12,2017-12,11674
南宁,2018,1,2018-01,10427
南宁,2018,2,2018-02,9884
南宁,2018,3,2018-03,10139
南宁,2018,4,2018-04,11262
南宁,2018,5,2018-05,11153
南宁,2018,6,2018-06,11250
南宁,2018,7,2018-07,11451
南宁,2018,8,2018-08,11505
南宁,2018,9,2018-09,11579
南宁,2018,10,2018-10,11770
南宁,2018,11,2018-11,11964
南宁,2018,12,2018-12,11948
南宁,2019,1,2019-01,12066
南宁,2019,2,2019-02,12079
南宁,2019,3,2019-03,12080
南宁,2019,4,2019-04,11939
南宁,2019,5,2019-05,11959
南宁,2019,6,2019-06,11969
南宁,2019,7,2019-07,12054
南宁,2019,8,2019-08,12231
南宁,2019,9,2019-09,12077
南宁,2019,10,2019-10,11960
南宁,2019,11,2019-11,11981
南宁,2019,12,2019-12,11881
南宁,2020,1,2020-01,11841
南宁,2020,2,2020-02,11662
南宁,2020,3,2020-03,11696
南宁,2020,4,2020-04,11617
南宁,2020,5,2020-05,11757
南宁,2020,6,2020-06,11670
南宁,2020,7,2020-07,11733
南宁,2020,8,2020-08,12267
南宁,2020,9,2020-09,12542
南宁,2020,10,2020-10,12446
南宁,2020,11,2020-11,12665
南宁,2020,12,2020-12,12789
南宁,2021,1,2021-01,12580
南宁,2021,2,2021-02,12763
南宁,2021,3,2021-03,12755
南宁,2021,4,2021-04,12582
南宁,2021,5,2021-05,12334
南宁,2021,6,2021-06,12403
南宁,2021,7,2021-07,12730
南宁,2021,8,2021-08,12806
南宁,2021,9,2021-09,12618
南宁,2021,10,2021-10,12517
南宁,2021,11,2021-11,12490
南宁,2021,12,2021-12,12461
南宁,2022,1,2022-01,12237
南宁,2022,2,2022-02,12152
南宁,2022,3,2022-03,12079
南宁,2022,4,2022-04,11950
南宁,2022,5,2022-05,11818
南宁,2022,6,2022-06,11518
南宁,2022,7,2022-07,11598
南宁,2022,8,2022-08,11697
南宁,2022,9,2022-09,11842
南宁,2022,10,2022-10,11801
南宁,2022,11,2022-11,11719
南宁,2022,12,2022-12,11656
南宁,2023,1,2023-01,11653
南宁,2023,2,2023-02,11658
南宁,2023,3,2023-03,11629
南宁,2023,4,2023-04,11579
南宁,2023,5,2023-05,11534
南宁,2023,6,2023-06,11565
南宁,2023,7,2023-07,11552
南宁,2023,8,2023-08,11667
南宁,2023,9,2023-09,11619
南宁,2023,10,2023-10,11595
南宁,2023,11,2023-11,11534
南宁,2023,12,2023-12,11505
南宁,2024,1,2024-01,11615
南宁,2024,2,2024-02,11618
南宁,2024,3,2024-03,11253
南宁,2024,4,2024-04,11244
南宁,2024,5,2024-05,11309
南宁,2024,6,2024-06,11201
南宁,2024,7,2024-07,11174
南宁,2024,8,2024-08,11185
南宁,2024,9,2024-09,11185
南宁,2024,10,2024-10,11171
南宁,2024,11,2024-11,11169
南宁,2024,12,2024-12,11189
南宁,2025,1,2025-01,11183
南宁,2025,2,2025-02,11183
南宁,2025,3,2025-03,11218
南宁,2025,4,2025-04,11218
南宁,2025,5,2025-05,11210
南宁,2025,6,2025-06,11290
南宁,2025,7,2025-07,11294
南宁,2025,8,2025-08,11294
南宁,2025,9,2025-09,11283
南宁,2025,10,2025-10,11325
南宁,2025,11,2025-11,11408
南宁,2025,12,2025-12,11408
成都,2017,1,2017-01,8801
成都,2017,2,2017-02,9124
成都,2017,3,2017-03,9668
成都,2017,4,2017-04,10110
成都,2017,5,2017-05,10550
成都,2017,6,2017-06,10519
成都,2017,7,2017-07,10408
成都,2017,8,2017-08,10763
成都,2017,9,2017-09,12550
成都,2017,10,2017-10,13171
成都,2017,11,2017-11,13186
成都,2017,12,2017-12,15721
成都,2018,1,2018-01,14345
成都,2018,2,2018-02,14621
成都,2018,3,2018-03,17176
成都,2018,4,2018-04,16163
成都,2018,5,2018-05,13634
成都,2018,6,2018-06,13405
成都,2018,7,2018-07,11491
成都,2018,8,2018-08,12434
成都,2018,9,2018-09,11405
成都,2018,10,2018-10,11252
成都,2018,11,2018-11,11190
成都,2018,12,2018-12,11129
成都,2019,1,2019-01,11373
成都,2019,2,2019-02,11694
成都,2019,3,2019-03,11678
成都,2019,4,2019-04,11141
成都,2019,5,2019-05,11511
成都,2019,6,2019-06,11301
成都,2019,7,2019-07,11049
成都,2019,8,2019-08,11219
成都,2019,9,2019-09,11823
成都,2019,10,2019-10,11993
成都,2019,11,2019-11,11903
成都,2019,12,2019-12,12049
成都,2020,1,2020-01,12032
成都,2020,2,2020-02,12333
成都,2020,3,2020-03,12088
成都,2020,4,2020-04,12039
成都,2020,5,2020-05,12292
成都,2020,6,2020-06,11868
成都,2020,7,2020-07,11884
成都,2020,8,2020-08,11789
成都,2020,9,2020-09,12408
成都,2020,10,2020-10,12806
成都,2020,11,2020-11,12710
成都,2020,12,2020-12,13112
成都,2021,1,2021-01,12799
成都,2021,2,2021-02,12677
成都,2021,3,2021-03,12613
成都,2021,4,2021-04,12763
成都,2021,5,2021-05,12632
成都,2021,6,2021-06,12764
成都,2021,7,2021-07,13521
成都,2021,8,2021-08,13337
成都,2021,9,2021-09,13844
成都,2021,10,2021-10,14313
成都,2021,11,2021-11,14367
成都,2021,12,2021-12,14429
成都,2022,1,2022-01,14316
成都,2022,2,2022-02,14242
成都,2022,3,2022-03,14670
成都,2022,4,2022-04,14542
成都,2022,5,2022-05,14534
成都,2022,6,2022-06,14712
成都,2022,7,2022-07,14623
成都,2022,8,2022-08,14695
成都,2022,9,2022-09,14693
成都,2022,10,2022-10,14788
成都,2022,11,2022-11,14883
成都,2022,12,2022-12,15375
成都,2023,1,2023-01,15521
成都,2023,2,2023-02,15773
成都,2023,3,2023-03,16083
成都,2023,4,2023-04,16367
成都,2023,5,2023-05,16224
成都,2023,6,2023-06,16600
成都,2023,7,2023-07,16648
成都,2023,8,2023-08,16629
成都,2023,9,2023-09,16791
成都,2023,10,2023-10,16290
成都,2023,11,2023-11,16220
成都,2023,12,2023-12,16644
成都,2024,1,2024-01,16691
成都,2024,2,2024-02,16500
成都,2024,3,2024-03,16663
成都,2024,4,2024-04,16998
成都,2024,5,2024-05,16852
成都,2024,6,2024-06,17128
成都,2024,7,2024-07,17124
成都,2024,8,2024-08,17087
成都,2024,9,2024-09,17052
成都,2024,10,2024-10,16944
成都,2024,11,2024-11,16705
成都,2024,12,2024-12,16393
成都,2025,1,2025-01,16429
成都,2025,2,2025-02,16323
成都,2025,3,2025-03,16501
成都,2025,4,2025-04,16371
成都,2025,5,2025-05,16288
成都,2025,6,2025-06,16190
成都,2025,7,2025-07,16069
成都,2025,8,2025-08,15991
成都,2025,9,2025-09,16002
成都,2025,10,2025-10,15963
成都,2025,11,2025-11,15850
成都,2025,12,2025-12,15850
兰州,2017,1,2017-01,8159
兰州,2017,2,2017-02,8267
兰州,2017,3,2017-03,8417
兰州,2017,4,2017-04,8631
兰州,2017,5,2017-05,8661
兰州,2017,6,2017-06,9076
兰州,2017,7,2017-07,8996
兰州,2017,8,2017-08,9104
兰州,2017,9,2017-09,9329
兰州,2017,10,2017-10,9377
兰州,2017,11,2017-11,9237
兰州,2017,12,2017-12,9527
兰州,2018,1,2018-01,9828
兰州,2018,2,2018-02,9818
兰州,2018,3,2018-03,10060
兰州,2018,4,2018-04,10165
兰州,2018,5,2018-05,10134
兰州,2018,6,2018-06,9900
兰州,2018,7,2018-07,10007
兰州,2018,8,2018-08,10360
兰州,2018,9,2018-09,10241
兰州,2018,10,2018-10,9865
兰州,2018,11,2018-11,9784
兰州,2018,12,2018-12,9801
兰州,2019,1,2019-01,9680
兰州,2019,2,2019-02,10146
兰州,2019,3,2019-03,9836
兰州,2019,4,2019-04,9637
兰州,2019,5,2019-05,9583
兰州,2019,6,2019-06,9355
兰州,2019,7,2019-07,8882
兰州,2019,8,2019-08,8851
兰州,2019,9,2019-09,9019
兰州,2019,10,2019-10,9223
兰州,2019,11,2019-11,9163
兰州,2019,12,2019-12,9370
兰州,2020,1,2020-01,9518
兰州,2020,2,2020-02,9393
兰州,2020,3,2020-03,9301
兰州,2020,4,2020-04,9308
兰州,2020,5,2020-05,9536
兰州,2020,6,2020-06,9724
兰州,2020,7,2020-07,9915
兰州,2020,8,2020-08,9910
兰州,2020,9,2020-09,9905
兰州,2020,10,2020-10,9839
兰州,2020,11,2020-11,9784
兰州,2020,12,2020-12,9894
兰州,2021,1,2021-01,9882
兰州,2021,2,2021-02,9840
兰州,2021,3,2021-03,9694
兰州,2021,4,2021-04,9720
兰州,2021,5,2021-05,9743
兰州,2021,6,2021-06,9572
兰州,2021,7,2021-07,9509
兰州,2021,8,2021-08,9486
兰州,2021,9,2021-09,9412
兰州,2021,10,2021-10,9384
兰州,2021,11,2021-11,9326
兰州,2021,12,2021-12,9239
兰州,2022,1,2022-01,9251
兰州,2022,2,2022-02,9209
兰州,2022,3,2022-03,9146
兰州,2022,4,2022-04,9211
兰州,2022,5,2022-05,9224
兰州,2022,6,2022-06,9119
兰州,2022,7,2022-07,9136
兰州,2022,8,2022-08,9013
兰州,2022,9,2022-09,8926
兰州,2022,10,2022-10,8859
兰州,2022,11,2022-11,8819
兰州,2022,12,2022-12,8836
兰州,2023,1,2023-01,8788
兰州,2023,2,2023-02,8759
兰州,2023,3,2023-03,8751
兰州,2023,4,2023-04,8727
兰州,2023,5,2023-05,8716
兰州,2023,6,2023-06,8773
兰州,2023,7,2023-07,8825
兰州,2023,8,2023-08,8743
兰州,2023,9,2023-09,8782
兰州,2023,10,2023-10,8863
兰州,2023,11,2023-11,8862
兰州,2023,12,2023-12,8816
兰州,2024,1,2024-01,8829
兰州,2024,2,2024-02,8779
兰州,2024,3,2024-03,8720
兰州,2024,4,2024-04,8709
兰州,2024,5,2024-05,8646
兰州,2024,6,2024-06,8593
兰州,2024,7,2024-07,8594
兰州,2024,8,2024-08,8594
兰州,2024,9,2024-09,8594
兰州,2024,10,2024-10,8617
兰州,2024,11,2024-11,8596
兰州,2024,12,2024-12,8636
兰州,2025,1,2025-01,8680
兰州,2025,2,2025-02,8636
兰州,2025,3,2025-03,8664
兰州,2025,4,2025-04,8685
兰州,2025,5,2025-05,8732
兰州,2025,6,2025-06,8684
兰州,2025,7,2025-07,8701
兰州,2025,8,2025-08,8673
兰州,2025,9,2025-09,8673
兰州,2025,10,2025-10,8639
兰州,2025,11,2025-11,8670
兰州,2025,12,2025-12,8670
西宁,2017,1,2017-01,5780
西宁,2017,2,2017-02,5797
西宁,2017,3,2017-03,5797
西宁,2017,4,2017-04,5158
西宁,2017,5,2017-05,5236
西宁,2017,6,2017-06,5236
西宁,2017,7,2017-07,5244
西宁,2017,8,2017-08,5730
西宁,2017,9,2017-09,5703
西宁,2017,10,2017-10,5742
西宁,2017,11,2017-11,5852
西宁,2017,12,2017-12,5911
西宁,2018,1,2018-01,5911
西宁,2018,2,2018-02,6078
西宁,2018,3,2018-03,6078
西宁,2018,4,2018-04,6202
西宁,2018,5,2018-05,6222
西宁,2018,6,2018-06,6566
西宁,2018,7,2018-07,6520
西宁,2018,8,2018-08,6614
西宁,2018,9,2018-09,6781
西宁,2018,10,2018-10,7486
西宁,2018,11,2018-11,7357
西宁,2018,12,2018-12,7969
西宁,2019,1,2019-01,7969
西宁,2019,2,2019-02,8009
西宁,2019,3,2019-03,8405
西宁,2019,4,2019-04,8244
西宁,2019,5,2019-05,8422
西宁,2019,6,2019-06,9168
西宁,2019,7,2019-07,9005
西宁,2019,8,2019-08,8850
西宁,2019,9,2019-09,9162
西宁,2019,10,2019-10,9403
西宁,2019,11,2019-11,9632
西宁,2019,12,2019-12,9602
西宁,2020,1,2020-01,9616
西宁,2020,2,2020-02,9357
西宁,2020,3,2020-03,9296
西宁,2020,4,2020-04,9299
西宁,2020,5,2020-05,9551
西宁,2020,6,2020-06,9621
西宁,2020,7,2020-07,9713
西宁,2020,8,2020-08,9665
西宁,2020,9,2020-09,9651
西宁,2020,10,2020-10,9604
西宁,2020,11,2020-11,9524
西宁,2020,12,2020-12,9404
西宁,2021,1,2021-01,9342
西宁,2021,2,2021-02,9497
西宁,2021,3,2021-03,9715
西宁,2021,4,2021-04,9940
西宁,2021,5,2021-05,9938
西宁,2021,6,2021-06,9692
西宁,2021,7,2021-07,9864
西宁,2021,8,2021-08,9777
西宁,2021,9,2021-09,9667
西宁,2021,10,2021-10,9598
西宁,2021,11,2021-11,9847
西宁,2021,12,2021-12,9813
西宁,2022,1,2022-01,9794
西宁,2022,2,2022-02,9766
西宁,2022,3,2022-03,10354
西宁,2022,4,2022-04,10297
西宁,2022,5,2022-05,10357
西宁,2022,6,2022-06,10404
西宁,2022,7,2022-07,10209
西宁,2022,8,2022-08,10073
西宁,2022,9,2022-09,10044
西宁,2022,10,2022-10,9992
西宁,2022,11,2022-11,9992
西宁,2022,12,2022-12,10037
西宁,2023,1,2023-01,10026
西宁,2023,2,2023-02,10016
西宁,2023,3,2023-03,10036
西宁,2023,4,2023-04,10036
西宁,2023,5,2023-05,10054
西宁,2023,6,2023-06,9902
西宁,2023,7,2023-07,9976
西宁,2023,8,2023-08,9887
西宁,2023,9,2023-09,9870
西宁,2023,10,2023-10,9961
西宁,2023,11,2023-11,9967
西宁,2023,12,2023-12,10201
西宁,2024,1,2024-01,10087
西宁,2024,2,2024-02,10053
西宁,2024,3,2024-03,9966
西宁,2024,4,2024-04,9867
西宁,2024,5,2024-05,9790
西宁,2024,6,2024-06,9670
西宁,2024,7,2024-07,9661
西宁,2024,8,2024-08,9738
西宁,2024,9,2024-09,9738
西宁,2024,10,2024-10,9751
西宁,2024,11,2024-11,9751
西宁,2024,12,2024-12,9751
西宁,2025,1,2025-01,9767
西宁,2025,2,2025-02,9767
西宁,2025,3,2025-03,9767
西宁,2025,4,2025-04,9751
西宁,2025,5,2025-05,9751
西宁,2025,6,2025-06,9751
西宁,2025,7,2025-07,9751
西宁,2025,8,2025-08,9751
西宁,2025,9,2025-09,9751
西宁,2025,10,2025-10,9751
西宁,2025,11,2025-11,9751
西宁,2025,12,2025-12,9751
石家庄,2017,1,2017-01,9052
石家庄,2017,2,2017-02,9203
石家庄,2017,3,2017-03,9497
石家庄,2017,4,2017-04,9859
石家庄,2017,5,2017-05,10008
石家庄,2017,6,2017-06,15102
石家庄,2017,7,2017-07,15133
石家庄,2017,8,2017-08,15711
石家庄,2017,9,2017-09,15680
石家庄,2017,10,2017-10,15478
石家庄,2017,11,2017-11,14936
石家庄,2017,12,2017-12,15223
石家庄,2018,1,2018-01,15604
石家庄,2018,2,2018-02,15752
石家庄,2018,3,2018-03,15725
石家庄,2018,4,2018-04,15010
石家庄,2018,5,2018-05,16047
石家庄,2018,6,2018-06,16387
石家庄,2018,7,2018-07,16012
石家庄,2018,8,2018-08,16208
石家庄,2018,9,2018-09,16000
石家庄,2018,10,2018-10,15845
石家庄,2018,11,2018-11,15703
石家庄,2018,12,2018-12,15246
石家庄,2019,1,2019-01,15129
石家庄,2019,2,2019-02,15063
石家庄,2019,3,2019-03,14940
石家庄,2019,4,2019-04,15231
石家庄,2019,5,2019-05,15440
石家庄,2019,6,2019-06,15803
石家庄,2019,7,2019-07,15606
石家庄,2019,8,2019-08,15695
石家庄,2019,9,2019-09,15769
石家庄,2019,10,2019-10,15622
石家庄,2019,11,2019-11,15261
石家庄,2019,12,2019-12,15301
石家庄,2020,1,2020-01,15512
石家庄,2020,2,2020-02,15456
石家庄,2020,3,2020-03,15184
石家庄,2020,4,2020-04,15142
石家庄,2020,5,2020-05,15070
石家庄,2020,6,2020-06,15031
石家庄,2020,7,2020-07,14996
石家庄,2020,8,2020-08,15073
石家庄,2020,9,2020-09,15271
石家庄,2020,10,2020-10,15412
石家庄,2020,11,2020-11,15349
石家庄,2020,12,2020-12,15255
石家庄,2021,1,2021-01,15175
石家庄,2021,2,2021-02,15272
石家庄,2021,3,2021-03,15238
石家庄,2021,4,2021-04,15263
石家庄,2021,5,2021-05,15212
石家庄,2021,6,2021-06,14977
石家庄,2021,7,2021-07,14744
石家庄,2021,8,2021-08,14708
石家庄,2021,9,2021-09,14789
石家庄,2021,10,2021-10,14836
石家庄,2021,11,2021-11,14735
石家庄,2021,12,2021-12,14915
石家庄,2022,1,2022-01,14965
石家庄,2022,2,2022-02,15053
石家庄,2022,3,2022-03,14977
石家庄,2022,4,2022-04,14950
石家庄,2022,5,2022-05,14915
石家庄,2022,6,2022-06,14838
石家庄,2022,7,2022-07,14766
石家庄,2022,8,2022-08,14817
石家庄,2022,9,2022-09,14752
石家庄,2022,10,2022-10,14660
石家庄,2022,11,2022-11,14628
石家庄,2022,12,2022-12,14653
石家庄,2023,1,2023-01,14659
石家庄,2023,2,2023-02,14692
石家庄,2023,3,2023-03,14661
石家庄,2023,4,2023-04,14687
石家庄,2023,5,2023-05,14562
石家庄,2023,6,2023-06,14492
石家庄,2023,7,2023-07,14561
石家庄,2023,8,2023-08,14607
石家庄,2023,9,2023-09,14651
石家庄,2023,10,2023-10,14714
石家庄,2023,11,2023-11,14711
石家庄,2023,12,2023-12,14658
石家庄,2024,1,2024-01,14739
石家庄,2024,2,2024-02,14766
石家庄,2024,3,2024-03,14686
石家庄,2024,4,2024-04,14711
石家庄,2024,5,2024-05,14710
石家庄,2024,6,2024-06,14598
石家庄,2024,7,2024-07,14584
石家庄,2024,8,2024-08,14515
石家庄,2024,9,2024-09,14515
石家庄,2024,10,2024-10,14518
石家庄,2024,11,2024-11,14513
石家庄,2024,12,2024-12,14513
石家庄,2025,1,2025-01,14472
石家庄,2025,2,2025-02,14560
石家庄,2025,3,2025-03,14529
石家庄,2025,4,2025-04,14480
石家庄,2025,5,2025-05,14547
石家庄,2025,6,2025-06,14190
石家庄,2025,7,2025-07,14252
石家庄,2025,8,2025-08,14252
石家庄,2025,9,2025-09,14322
石家庄,2025,10,2025-10,14279
石家庄,2025,11,2025-11,14338
石家庄,2025,12,2025-12,14338
哈尔滨,2017,1,2017-01,7721
哈尔滨,2017,2,2017-02,7773
哈尔滨,2017,3,2017-03,7903
哈尔滨,2017,4,2017-04,8038
哈尔滨,2017,5,2017-05,8367
哈尔滨,2017,6,2017-06,8807
哈尔滨,2017,7,2017-07,8935
哈尔滨,2017,8,2017-08,9095
哈尔滨,2017,9,2017-09,9303
哈尔滨,2017,10,2017-10,9458
哈尔滨,2017,11,2017-11,9658
哈尔滨,2017,12,2017-12,10543
哈尔滨,2018,1,2018-01,10528
哈尔滨,2018,2,2018-02,10424
哈尔滨,2018,3,2018-03,10637
哈尔滨,2018,4,2018-04,10879
哈尔滨,2018,5,2018-05,10576
哈尔滨,2018,6,2018-06,10746
哈尔滨,2018,7,2018-07,10798
哈尔滨,2018,8,2018-08,11349
哈尔滨,2018,9,2018-09,11384
哈尔滨,2018,10,2018-10,11564
哈尔滨,2018,11,2018-11,11729
哈尔滨,2018,12,2018-12,11916
哈尔滨,2019,1,2019-01,12011
哈尔滨,2019,2,2019-02,11954
哈尔滨,2019,3,2019-03,12056
哈尔滨,2019,4,2019-04,12052
哈尔滨,2019,5,2019-05,12236
哈尔滨,2019,6,2019-06,12391
哈尔滨,2019,7,2019-07,12210
哈尔滨,2019,8,2019-08,12273
哈尔滨,2019,9,2019-09,12162
哈尔滨,2019,10,2019-10,12380
哈尔滨,2019,11,2019-11,12263
哈尔滨,2019,12,2019-12,12186
哈尔滨,2020,1,2020-01,12215
哈尔滨,2020,2,2020-02,12158
哈尔滨,2020,3,2020-03,12162
哈尔滨,2020,4,2020-04,12021
哈尔滨,2020,5,2020-05,12196
哈尔滨,2020,6,2020-06,12151
哈尔滨,2020,7,2020-07,12126
哈尔滨,2020,8,2020-08,12197
哈尔滨,2020,9,2020-09,12049
哈尔滨,2020,10,2020-10,12096
哈尔滨,2020,11,2020-11,12696
哈尔滨,2020,12,2020-12,12941
哈尔滨,2021,1,2021-01,12279
哈尔滨,2021,2,2021-02,12287
哈尔滨,2021,3,2021-03,12143
哈尔滨,2021,4,2021-04,12253
哈尔滨,2021,5,2021-05,11910
哈尔滨,2021,6,2021-06,11800
哈尔滨,2021,7,2021-07,11882
哈尔滨,2021,8,2021-08,11371
哈尔滨,2021,9,2021-09,11419
哈尔滨,2021,10,2021-10,11374
哈尔滨,2021,11,2021-11,11509
哈尔滨,2021,12,2021-12,11995
哈尔滨,2022,1,2022-01,11978
哈尔滨,2022,2,2022-02,11869
哈尔滨,2022,3,2022-03,11714
哈尔滨,2022,4,2022-04,11491
哈尔滨,2022,5,2022-05,11412
哈尔滨,2022,6,2022-06,11387
哈尔滨,2022,7,2022-07,11417
哈尔滨,2022,8,2022-08,11252
哈尔滨,2022,9,2022-09,11219
哈尔滨,2022,10,2022-10,11163
哈尔滨,2022,11,2022-11,11168
哈尔滨,2022,12,2022-12,11111
哈尔滨,2023,1,2023-01,11027
哈尔滨,2023,2,2023-02,10895
哈尔滨,2023,3,2023-03,10811
哈尔滨,2023,4,2023-04,10664
哈尔滨,2023,5,2023-05,10704
哈尔滨,2023,6,2023-06,10693
哈尔滨,2023,7,2023-07,10631
哈尔滨,2023,8,2023-08,10623
哈尔滨,2023,9,2023-09,10531
哈尔滨,2023,10,2023-10,10512
哈尔滨,2023,11,2023-11,10425
哈尔滨,2023,12,2023-12,10419
哈尔滨,2024,1,2024-01,10438
哈尔滨,2024,2,2024-02,10423
哈尔滨,2024,3,2024-03,10338
哈尔滨,2024,4,2024-04,10282
哈尔滨,2024,5,2024-05,10275
哈尔滨,2024,6,2024-06,10323
哈尔滨,2024,7,2024-07,10314
哈尔滨,2024,8,2024-08,10314
哈尔滨,2024,9,2024-09,10265
哈尔滨,2024,10,2024-10,10265
哈尔滨,2024,11,2024-11,10265
哈尔滨,2024,12,2024-12,10265
哈尔滨,2025,1,2025-01,10265
哈尔滨,2025,2,2025-02,10265
哈尔滨,2025,3,2025-03,10250
哈尔滨,2025,4,2025-04,10257
哈尔滨,2025,5,2025-05,10257
哈尔滨,2025,6,2025-06,10257
哈尔滨,2025,7,2025-07,10257
哈尔滨,2025,8,2025-08,10186
哈尔滨,2025,9,2025-09,10186
哈尔滨,2025,10,2025-10,10144
哈尔滨,2025,11,2025-11,10144
哈尔滨,2025,12,2025-12,10152
长春,2017,1,2017-01,7311
长春,2017,2,2017-02,7383
长春,2017,3,2017-03,7568
长春,2017,4,2017-04,7679
长春,2017,5,2017-05,7718
长春,2017,6,2017-06,8287
长春,2017,7,2017-07,8398
长春,2017,8,2017-08,8444
长春,2017,9,2017-09,8205
长春,2017,10,2017-10,8429
长春,2017,11,2017-11,8521
长春,2017,12,2017-12,9388
长春,2018,1,2018-01,9267
长春,2018,2,2018-02,9116
长春,2018,3,2018-03,9135
长春,2018,4,2018-04,9393
长春,2018,5,2018-05,9448
长春,2018,6,2018-06,9846
长春,2018,7,2018-07,10137
长春,2018,8,2018-08,10443
长春,2018,9,2018-09,10356
长春,2018,10,2018-10,10536
长春,2018,11,2018-11,10516
长春,2018,12,2018-12,10331
长春,2019,1,2019-01,10612
长春,2019,2,2019-02,10956
长春,2019,3,2019-03,10912
长春,2019,4,2019-04,10698
长春,2019,5,2019-05,10613
长春,2019,6,2019-06,10599
长春,2019,7,2019-07,10466
长春,2019,8,2019-08,10461
长春,2019,9,2019-09,10525
长春,2019,10,2019-10,10381
长春,2019,11,2019-11,10404
长春,2019,12,2019-12,10546
长春,2020,1,2020-01,10435
长春,2020,2,2020-02,10316
长春,2020,3,2020-03,10117
长春,2020,4,2020-04,10497
长春,2020,5,2020-05,10379
长春,2020,6,2020-06,10247
长春,2020,7,2020-07,10470
长春,2020,8,2020-08,10513
长春,2020,9,2020-09,10699
长春,2020,10,2020-10,10848
长春,2020,11,2020-11,11078
长春,2020,12,2020-12,11032
长春,2021,1,2021-01,10741
长春,2021,2,2021-02,10797
长春,2021,3,2021-03,10725
长春,2021,4,2021-04,10452
长春,2021,5,2021-05,10330
长春,2021,6,2021-06,10233
长春,2021,7,2021-07,10229
长春,2021,8,2021-08,10077
长春,2021,9,2021-09,10104
长春,2021,10,2021-10,10116
长春,2021,11,2021-11,10430
长春,2021,12,2021-12,10422
长春,2022,1,2022-01,10381
长春,2022,2,2022-02,10420
长春,2022,3,2022-03,10231
长春,2022,4,2022-04,10210
长春,2022,5,2022-05,10209
长春,2022,6,2022-06,10210
长春,2022,7,2022-07,10099
长春,2022,8,2022-08,10049
长春,2022,9,2022-09,9987
长春,2022,10,2022-10,10007
长春,2022,11,2022-11,10039
长春,2022,12,2022-12,9953
长春,2023,1,2023-01,9914
长春,2023,2,2023-02,9848
长春,2023,3,2023-03,9810
长春,2023,4,2023-04,9754
长春,2023,5,2023-05,9676
长春,2023,6,2023-06,9676
长春,2023,7,2023-07,9668
长春,2023,8,2023-08,9592
长春,2023,9,2023-09,9644
长春,2023,10,2023-10,9603
长春,2023,11,2023-11,9537
长春,2023,12,2023-12,9589
长春,2024,1,2024-01,9563
长春,2024,2,2024-02,9540
长春,2024,3,2024-03,9554
长春,2024,4,2024-04,9551
长春,2024,5,2024-05,9506
长春,2024,6,2024-06,9507
长春,2024,7,2024-07,9533
长春,2024,8,2024-08,9532
长春,2024,9,2024-09,9479
长春,2024,10,2024-10,9429
长春,2024,11,2024-11,9462
长春,2024,12,2024-12,9683
长春,2025,1,2025-01,9667
长春,2025,2,2025-02,9751
长春,2025,3,2025-03,9931
长春,2025,4,2025-04,9970
长春,2025,5,2025-05,9969
长春,2025,6,2025-06,9983
长春,2025,7,2025-07,10012
长春,2025,8,2025-08,9897
长春,2025,9,2025-09,9784
长春,2025,10,2025-10,9705
长春,2025,11,2025-11,9705
长春,2025,12,2025-12,9705
银川,2017,1,2017-01,4951
银川,2017,2,2017-02,4951
银川,2017,3,2017-03,4951
银川,2017,4,2017-04,4981
银川,2017,5,2017-05,4981
银川,2017,6,2017-06,4981
银川,2017,7,2017-07,5210
银川,2017,8,2017-08,5225
银川,2017,9,2017-09,5302
银川,2017,10,2017-10,5288
银川,2017,11,2017-11,5350
银川,2017,12,2017-12,5363
银川,2018,1,2018-01,5384
银川,2018,2,2018-02,5390
银川,2018,3,2018-03,5482
银川,2018,4,2018-04,5492
银川,2018,5,2018-05,5475
银川,2018,6,2018-06,5499
银川,2018,7,2018-07,5680
银川,2018,8,2018-08,5677
银川,2018,9,2018-09,5958
银川,2018,10,2018-10,5907
银川,2018,11,2018-11,5943
银川,2018,12,2018-12,5952
银川,2019,1,2019-01,6293
银川,2019,2,2019-02,6291
银川,2019,3,2019-03,6436
银川,2019,4,2019-04,6362
银川,2019,5,2019-05,6464
银川,2019,6,2019-06,6667
银川,2019,7,2019-07,6777
银川,2019,8,2019-08,6855
银川,2019,9,2019-09,6862
银川,2019,10,2019-10,6787
银川,2019,11,2019-11,6819
银川,2019,12,2019-12,6709
银川,2020,1,2020-01,6764
银川,2020,2,2020-02,6773
银川,2020,3,2020-03,6808
银川,2020,4,2020-04,6825
银川,2020,5,2020-05,6845
银川,2020,6,2020-06,6804
银川,2020,7,2020-07,6856
银川,2020,8,2020-08,7022
银川,2020,9,2020-09,7295
银川,2020,10,2020-10,7427
银川,2020,11,2020-11,7762
银川,2020,12,2020-12,7635
银川,2021,1,2021-01,7707
银川,2021,2,2021-02,7687
银川,2021,3,2021-03,7678
银川,2021,4,2021-04,7723
银川,2021,5,2021-05,7739
银川,2021,6,2021-06,7853
银川,2021,7,2021-07,8072
银川,2021,8,2021-08,8017
银川,2021,9,2021-09,8111
银川,2021,10,2021-10,8130
银川,2021,11,2021-11,7988
银川,2021,12,2021-12,8062
银川,2022,1,2022-01,8061
银川,2022,2,2022-02,8068
银川,2022,3,2022-03,8195
银川,2022,4,2022-04,8228
银川,2022,5,2022-05,8223
银川,2022,6,2022-06,8500
银川,2022,7,2022-07,8463
银川,2022,8,2022-08,8463
银川,2022,9,2022-09,8455
银川,2022,10,2022-10,8455
银川,2022,11,2022-11,8450
银川,2022,12,2022-12,8469
银川,2023,1,2023-01,8464
银川,2023,2,2023-02,8443
银川,2023,3,2023-03,8439
银川,2023,4,2023-04,8459
银川,2023,5,2023-05,8542
银川,2023,6,2023-06,8596
银川,2023,7,2023-07,8473
银川,2023,8,2023-08,8579
银川,2023,9,2023-09,8464
银川,2023,10,2023-10,8414
银川,2023,11,2023-11,8382
银川,2023,12,2023-12,8326
银川,2024,1,2024-01,8304
银川,2024,2,2024-02,8322
银川,2024,3,2024-03,8260
银川,2024,4,2024-04,8268
银川,2024,5,2024-05,8254
银川,2024,6,2024-06,8250
银川,2024,7,2024-07,8211
银川,2024,8,2024-08,8211
银川,2024,9,2024-09,8211
银川,2024,10,2024-10,8203
银川,2024,11,2024-11,8203
银川,2024,12,2024-12,8203
银川,2025,1,2025-01,8203
银川,2025,2,2025-02,8203
银川,2025,3,2025-03,8203
银川,2025,4,2025-04,8203
银川,2025,5,2025-05,8216
银川,2025,6,2025-06,8216
银川,2025,7,2025-07,8216
银川,2025,8,2025-08,8216
银川,2025,9,2025-09,8216
银川,2025,10,2025-10,8216
银川,2025,11,2025-11,8216
银川,2025,12,2025-12,8216
上海,2017,1,2017-01,48785
上海,2017,2,2017-02,49571
上海,2017,3,2017-03,50737
上海,2017,4,2017-04,49990
上海,2017,5,2017-05,49130
上海,2017,6,2017-06,57052
上海,2017,7,2017-07,56136
上海,2017,8,2017-08,56226
上海,2017,9,2017-09,55670
上海,2017,10,2017-10,54651
上海,2017,11,2017-11,54039
上海,2017,12,2017-12,53189
上海,2018,1,2018-01,48827
上海,2018,2,2018-02,47998
上海,2018,3,2018-03,46996
上海,2018,4,2018-04,46814
上海,2018,5,2018-05,45878
上海,2018,6,2018-06,47305
上海,2018,7,2018-07,45640
上海,2018,8,2018-08,45685
上海,2018,9,2018-09,44811
上海,2018,10,2018-10,45127
上海,2018,11,2018-11,44367
上海,2018,12,2018-12,47011
上海,2019,1,2019-01,48099
上海,2019,2,2019-02,47140
上海,2019,3,2019-03,46476
上海,2019,4,2019-04,45134
上海,2019,5,2019-05,45751
上海,2019,6,2019-06,46441
上海,2019,7,2019-07,47519
上海,2019,8,2019-08,47453
上海,2019,9,2019-09,49803
上海,2019,10,2019-10,50749
上海,2019,11,2019-11,50693
上海,2019,12,2019-12,51269
上海,2020,1,2020-01,51361
上海,2020,2,2020-02,49967
上海,2020,3,2020-03,50708
上海,2020,4,2020-04,51802
上海,2020,5,2020-05,50622
上海,2020,6,2020-06,50535
上海,2020,7,2020-07,50282
上海,2020,8,2020-08,51053
上海,2020,9,2020-09,51064
上海,2020,10,2020-10,51134
上海,2020,11,2020-11,51581
上海,2020,12,2020-12,51262
上海,2021,1,2021-01,50952
上海,2021,2,2021-02,49948
上海,2021,3,2021-03,48206
上海,2021,4,2021-04,46548
上海,2021,5,2021-05,43300
上海,2021,6,2021-06,43084
上海,2021,7,2021-07,37372
上海,2021,8,2021-08,39308
上海,2021,9,2021-09,42091
上海,2021,10,2021-10,43346
上海,2021,11,2021-11,46340
上海,2021,12,2021-12,49892
上海,2022,1,2022-01,43304
上海,2022,2,2022-02,47260
上海,2022,3,2022-03,50171
上海,2022,4,2022-04,51799
上海,2022,5,2022-05,50635
上海,2022,6,2022-06,50510
上海,2022,7,2022-07,50821
上海,2022,8,2022-08,48988
上海,2022,9,2022-09,48103
上海,2022,10,2022-10,48992
上海,2022,11,2022-11,51398
上海,2022,12,2022-12,54656
上海,2023,1,2023-01,55246
上海,2023,2,2023-02,54703
上海,2023,3,2023-03,53651
上海,2023,4,2023-04,52605
上海,2023,5,2023-05,51902
上海,2023,6,2023-06,52576
上海,2023,7,2023-07,53576
上海,2023,8,2023-08,55023
上海,2023,9,2023-09,55302
上海,2023,10,2023-10,55405
上海,2023,11,2023-11,56173
上海,2023,12,2023-12,56074
上海,2024,1,2024-01,55947
上海,2024,2,2024-02,57412
上海,2024,3,2024-03,57547
上海,2024,4,2024-04,56831
上海,2024,5,2024-05,57123
上海,2024,6,2024-06,57289
上海,2024,7,2024-07,58793
上海,2024,8,2024-08,58498
上海,2024,9,2024-09,58547
上海,2024,10,2024-10,58982
上海,2024,11,2024-11,59602
上海,2024,12,2024-12,59552
上海,2025,1,2025-01,58692
上海,2025,2,2025-02,58692
上海,2025,3,2025-03,58692
上海,2025,4,2025-04,59563
上海,2025,5,2025-05,57221
上海,2025,6,2025-06,57485
上海,2025,7,2025-07,57881
上海,2025,8,2025-08,58715
上海,2025,9,2025-09,58529
上海,2025,10,2025-10,59356
上海,2025,11,2025-11,58624
上海,2025,12,2025-12,58624
天津,2017,1,2017-01,16049
天津,2017,2,2017-02,16432
天津,2017,3,2017-03,16654
天津,2017,4,2017-04,16778
天津,2017,5,2017-05,17076
天津,2017,6,2017-06,24186
天津,2017,7,2017-07,22152
天津,2017,8,2017-08,20053
天津,2017,9,2017-09,19428
天津,2017,10,2017-10,19048
天津,2017,11,2017-11,19630
天津,2017,12,2017-12,19735
天津,2018,1,2018-01,19793
天津,2018,2,2018-02,19953
天津,2018,3,2018-03,19715
天津,2018,4,2018-04,19679
天津,2018,5,2018-05,19770
天津,2018,6,2018-06,19950
天津,2018,7,2018-07,19714
天津,2018,8,2018-08,19574
天津,2018,9,2018-09,19339
天津,2018,10,2018-10,19253
天津,2018,11,2018-11,19454
天津,2018,12,2018-12,19584
天津,2019,1,2019-01,19348
天津,2019,2,2019-02,19269
天津,2019,3,2019-03,19333
天津,2019,4,2019-04,18810
天津,2019,5,2019-05,19017
天津,2019,6,2019-06,19025
天津,2019,7,2019-07,19068
天津,2019,8,2019-08,19125
天津,2019,9,2019-09,19547
天津,2019,10,2019-10,19628
天津,2019,11,2019-11,19207
天津,2019,12,2019-12,19281
天津,2020,1,2020-01,19085
天津,2020,2,2020-02,19079
天津,2020,3,2020-03,18959
天津,2020,4,2020-04,18811
天津,2020,5,2020-05,18928
天津,2020,6,2020-06,18855
天津,2020,7,2020-07,18455
天津,2020,8,2020-08,18016
天津,2020,9,2020-09,18009
天津,2020,10,2020-10,17934
天津,2020,11,2020-11,18143
天津,2020,12,2020-12,18201
天津,2021,1,2021-01,18186
天津,2021,2,2021-02,18177
天津,2021,3,2021-03,17882
天津,2021,4,2021-04,18465
天津,2021,5,2021-05,18490
天津,2021,6,2021-06,18724
天津,2021,7,2021-07,18922
天津,2021,8,2021-08,19647
天津,2021,9,2021-09,19959
天津,2021,10,2021-10,19976
天津,2021,11,2021-11,19931
天津,2021,12,2021-12,19928
天津,2022,1,2022-01,20121
天津,2022,2,2022-02,19819
天津,2022,3,2022-03,20010
天津,2022,4,2022-04,20534
天津,2022,5,2022-05,20461
天津,2022,6,2022-06,20391
天津,2022,7,2022-07,20187
天津,2022,8,2022-08,19836
天津,2022,9,2022-09,19874
天津,2022,10,2022-10,19828
天津,2022,11,2022-11,19825
天津,2022,12,2022-12,19718
天津,2023,1,2023-01,19657
天津,2023,2,2023-02,19474
天津,2023,3,2023-03,19370
天津,2023,4,2023-04,19413
天津,2023,5,2023-05,19597
天津,2023,6,2023-06,19789
天津,2023,7,2023-07,19816
天津,2023,8,2023-08,19673
天津,2023,9,2023-09,19676
天津,2023,10,2023-10,19813
天津,2023,11,2023-11,19762
天津,2023,12,2023-12,19977
天津,2024,1,2024-01,19939
天津,2024,2,2024-02,19932
天津,2024,3,2024-03,19958
天津,2024,4,2024-04,20166
天津,2024,5,2024-05,20221
天津,2024,6,2024-06,20143
天津,2024,7,2024-07,20171
天津,2024,8,2024-08,20249
天津,2024,9,2024-09,20266
天津,2024,10,2024-10,20246
天津,2024,11,2024-11,20186
天津,2024,12,2024-12,20169
天津,2025,1,2025-01,19945
天津,2025,2,2025-02,19929
天津,2025,3,2025-03,19929
天津,2025,4,2025-04,19710
天津,2025,5,2025-05,19710
天津,2025,6,2025-06,19254
天津,2025,7,2025-07,19379
天津,2025,8,2025-08,19379
天津,2025,9,2025-09,20603
天津,2025,10,2025-10,20603
天津,2025,11,2025-11,20603
天津,2025,12,2025-12,20603
重庆,2017,1,2017-01,9285
重庆,2017,2,2017-02,9610
重庆,2017,3,2017-03,10104
重庆,2017,4,2017-04,10797
重庆,2017,5,2017-05,11146
重庆,2017,6,2017-06,11890
重庆,2017,7,2017-07,9954
重庆,2017,8,2017-08,10222
重庆,2017,9,2017-09,12642
重庆,2017,10,2017-10,12558
重庆,2017,11,2017-11,12181
重庆,2017,12,2017-12,11909
重庆,2018,1,2018-01,10883
重庆,2018,2,2018-02,10558
重庆,2018,3,2018-03,10685
重庆,2018,4,2018-04,12435
重庆,2018,5,2018-05,11420
重庆,2018,6,2018-06,13032
重庆,2018,7,2018-07,13107
重庆,2018,8,2018-08,13305
重庆,2018,9,2018-09,14236
重庆,2018,10,2018-10,13562
重庆,2018,11,2018-11,12633
重庆,2018,12,2018-12,12561
重庆,2019,1,2019-01,12686
重庆,2019,2,2019-02,12786
重庆,2019,3,2019-03,12677
重庆,2019,4,2019-04,12499
重庆,2019,5,2019-05,13036
重庆,2019,6,2019-06,13100
重庆,2019,7,2019-07,12313
重庆,2019,8,2019-08,12278
重庆,2019,9,2019-09,12513
重庆,2019,10,2019-10,12274
重庆,2019,11,2019-11,12213
重庆,2019,12,2019-12,12261
重庆,2020,1,2020-01,12005
重庆,2020,2,2020-02,11830
重庆,2020,3,2020-03,11744
重庆,2020,4,2020-04,11698
重庆,2020,5,2020-05,11439
重庆,2020,6,2020-06,11536
重庆,2020,7,2020-07,11601
重庆,2020,8,2020-08,11662
重庆,2020,9,2020-09,11556
重庆,2020,10,2020-10,11317
重庆,2020,11,2020-11,11492
重庆,2020,12,2020-12,11669
重庆,2021,1,2021-01,12007
重庆,2021,2,2021-02,11948
重庆,2021,3,2021-03,11693
重庆,2021,4,2021-04,11646
重庆,2021,5,2021-05,11307
重庆,2021,6,2021-06,11428
重庆,2021,7,2021-07,12751
重庆,2021,8,2021-08,11127
重庆,2021,9,2021-09,11017
重庆,2021,10,2021-10,11027
重庆,2021,11,2021-11,10919
重庆,2021,12,2021-12,11058
重庆,2022,1,2022-01,11096
重庆,2022,2,2022-02,10963
重庆,2022,3,2022-03,10924
重庆,2022,4,2022-04,10946
重庆,2022,5,2022-05,10811
重庆,2022,6,2022-06,10793
重庆,2022,7,2022-07,10799
重庆,2022,8,2022-08,10822
重庆,2022,9,2022-09,10855
重庆,2022,10,2022-10,10902
重庆,2022,11,2022-11,10867
重庆,2022,12,2022-12,10955
重庆,2023,1,2023-01,10980
重庆,2023,2,2023-02,10961
重庆,2023,3,2023-03,10957
重庆,2023,4,2023-04,10989
重庆,2023,5,2023-05,10899
重庆,2023,6,2023-06,10937
重庆,2023,7,2023-07,10949
重庆,2023,8,2023-08,10940
重庆,2023,9,2023-09,10960
重庆,2023,10,2023-10,10967
重庆,2023,11,2023-11,10987
重庆,2023,12,2023-12,11124
重庆,2024,1,2024-01,11107
重庆,2024,2,2024-02,11096
重庆,2024,3,2024-03,11047
重庆,2024,4,2024-04,11034
重庆,2024,5,2024-05,11014
重庆,2024,6,2024-06,10809
重庆,2024,7,2024-07,10952
重庆,2024,8,2024-08,10999
重庆,2024,9,2024-09,11386
重庆,2024,10,2024-10,11404
重庆,2024,11,2024-11,11404
重庆,2024,12,2024-12,11404
重庆,2025,1,2025-01,11404
重庆,2025,2,2025-02,11404
重庆,2025,3,2025-03,11336
重庆,2025,4,2025-04,11270
重庆,2025,5,2025-05,11292
重庆,2025,6,2025-06,11292
重庆,2025,7,2025-07,11292
重庆,2025,8,2025-08,11292
重庆,2025,9,2025-09,11290
重庆,2025,10,2025-10,11299
重庆,2025,11,2025-11,11270
重庆,2025,12,2025-12,11270
呼和浩特,2017,1,2017-01,6203
呼和浩特,2017,2,2017-02,6212
呼和浩特,2017,3,2017-03,6183
呼和浩特,2017,4,2017-04,6372
呼和浩特,2017,5,2017-05,6383
呼和浩特,2017,6,2017-06,7222
呼和浩特,2017,7,2017-07,7297
呼和浩特,2017,8,2017-08,7705
呼和浩特,2017,9,2017-09,7767
呼和浩特,2017,10,2017-10,7836
呼和浩特,2017,11,2017-11,7873
呼和浩特,2017,12,2017-12,7999
呼和浩特,2018,1,2018-01,8107
呼和浩特,2018,2,2018-02,8239
呼和浩特,2018,3,2018-03,8611
呼和浩特,2018,4,2018-04,8723
呼和浩特,2018,5,2018-05,8937
呼和浩特,2018,6,2018-06,8899
呼和浩特,2018,7,2018-07,9204
呼和浩特,2018,8,2018-08,9185
呼和浩特,2018,9,2018-09,9212
呼和浩特,2018,10,2018-10,9348
呼和浩特,2018,11,2018-11,9297
呼和浩特,2018,12,2018-12,9387
呼和浩特,2019,1,2019-01,9321
呼和浩特,2019,2,2019-02,9237
呼和浩特,2019,3,2019-03,10196
呼和浩特,2019,4,2019-04,10410
呼和浩特,2019,5,2019-05,10536
呼和浩特,2019,6,2019-06,10557
呼和浩特,2019,7,2019-07,10696
呼和浩特,2019,8,2019-08,11226
呼和浩特,2019,9,2019-09,11323
呼和浩特,2019,10,2019-10,11505
呼和浩特,2019,11,2019-11,11617
呼和浩特,2019,12,2019-12,11513
呼和浩特,2020,1,2020-01,11814
呼和浩特,2020,2,2020-02,11885
呼和浩特,2020,3,2020-03,11793
呼和浩特,2020,4,2020-04,11764
呼和浩特,2020,5,2020-05,11872
呼和浩特,2020,6,2020-06,12499
呼和浩特,2020,7,2020-07,12594
呼和浩特,2020,8,2020-08,12483
呼和浩特,2020,9,2020-09,11972
呼和浩特,2020,10,2020-10,11921
呼和浩特,2020,11,2020-11,11669
呼和浩特,2020,12,2020-12,11374
呼和浩特,2021,1,2021-01,11544
呼和浩特,2021,2,2021-02,11514
呼和浩特,2021,3,2021-03,11765
呼和浩特,2021,4,2021-04,11791
呼和浩特,2021,5,2021-05,11826
呼和浩特,2021,6,2021-06,11562
呼和浩特,2021,7,2021-07,11723
呼和浩特,2021,8,2021-08,11272
呼和浩特,2021,9,2021-09,11523
呼和浩特,2021,10,2021-10,11266
呼和浩特,2021,11,2021-11,11409
呼和浩特,2021,12,2021-12,11420
呼和浩特,2022,1,2022-01,11341
呼和浩特,2022,2,2022-02,11341
呼和浩特,2022,3,2022-03,11359
呼和浩特,2022,4,2022-04,11272
呼和浩特,2022,5,2022-05,11172
呼和浩特,2022,6,2022-06,11329
呼和浩特,2022,7,2022-07,11372
呼和浩特,2022,8,2022-08,11143
呼和浩特,2022,9,2022-09,11151
呼和浩特,2022,10,2022-10,11020
呼和浩特,2022,11,2022-11,11020
呼和浩特,2022,12,2022-12,11021
呼和浩特,2023,1,2023-01,11013
呼和浩特,2023,2,2023-02,11013
呼和浩特,2023,3,2023-03,10956
呼和浩特,2023,4,2023-04,10897
呼和浩特,2023,5,2023-05,10899
呼和浩特,2023,6,2023-06,10915
呼和浩特,2023,7,2023-07,10965
呼和浩特,2023,8,2023-08,10993
呼和浩特,2023,9,2023-09,10956
呼和浩特,2023,10,2023-10,10947
呼和浩特,2023,11,2023-11,10947
呼和浩特,2023,12,2023-12,10887
呼和浩特,2024,1,2024-01,10913
呼和浩特,2024,2,2024-02,10913
呼和浩特,2024,3,2024-03,10902
呼和浩特,2024,4,2024-04,10903
呼和浩特,2024,5,2024-05,10832
呼和浩特,2024,6,2024-06,10836
呼和浩特,2024,7,2024-07,10862
呼和浩特,2024,8,2024-08,10862
呼和浩特,2024,9,2024-09,10904
呼和浩特,2024,10,2024-10,10904
呼和浩特,2024,11,2024-11,10904
呼和浩特,2024,12,2024-12,10904
呼和浩特,2025,1,2025-01,10904
呼和浩特,2025,2,2025-02,10904
呼和浩特,2025,3,2025-03,10904
呼和浩特,2025,4,2025-04,10904
呼和浩特,2025,5,2025-05,10904
呼和浩特,2025,6,2025-06,10854
呼和浩特,2025,7,2025-07,10854
呼和浩特,2025,8,2025-08,10854
呼和浩特,2025,9,2025-09,10854
呼和浩特,2025,10,2025-10,10854
呼和浩特,2025,11,2025-11,10854
呼和浩特,2025,12,2025-12,10854
西安,2017,1,2017-01,6936
西安,2017,2,2017-02,6968
西安,2017,3,2017-03,7192
西安,2017,4,2017-04,7468
西安,2017,5,2017-05,7847
西安,2017,6,2017-06,8882
西安,2017,7,2017-07,9039
西安,2017,8,2017-08,9626
西安,2017,9,2017-09,10023
西安,2017,10,2017-10,10040
西安,2017,11,2017-11,10234
西安,2017,12,2017-12,10393
西安,2018,1,2018-01,10532
西安,2018,2,2018-02,10623
西安,2018,3,2018-03,11190
西安,2018,4,2018-04,11468
西安,2018,5,2018-05,11043
西安,2018,6,2018-06,11132
西安,2018,7,2018-07,11461
西安,2018,8,2018-08,11100
西安,2018,9,2018-09,11210
西安,2018,10,2018-10,10941
西安,2018,11,2018-11,11193
西安,2018,12,2018-12,11529
西安,2019,1,2019-01,11539
西安,2019,2,2019-02,11759
西安,2019,3,2019-03,11496
西安,2019,4,2019-04,11823
西安,2019,5,2019-05,11911
西安,2019,6,2019-06,12501
西安,2019,7,2019-07,12386
西安,2019,8,2019-08,12319
西安,2019,9,2019-09,12237
西安,2019,10,2019-10,12039
西安,2019,11,2019-11,12239
西安,2019,12,2019-12,12321
西安,2020,1,2020-01,12540
西安,2020,2,2020-02,12353
西安,2020,3,2020-03,12599
西安,2020,4,2020-04,12501
西安,2020,5,2020-05,12765
西安,2020,6,2020-06,12840
西安,2020,7,2020-07,12812
西安,2020,8,2020-08,12713
西安,2020,9,2020-09,13008
西安,2020,10,2020-10,13278
西安,2020,11,2020-11,13441
西安,2020,12,2020-12,13521
西安,2021,1,2021-01,13591
西安,2021,2,2021-02,14073
西安,2021,3,2021-03,14173
西安,2021,4,2021-04,14221
西安,2021,5,2021-05,15071
西安,2021,6,2021-06,14018
西安,2021,7,2021-07,14442
西安,2021,8,2021-08,14530
西安,2021,9,2021-09,14775
西安,2021,10,2021-10,14892
西安,2021,11,2021-11,15149
西安,2021,12,2021-12,15226
西安,2022,1,2022-01,15335
西安,2022,2,2022-02,15449
西安,2022,3,2022-03,15284
西安,2022,4,2022-04,15278
西安,2022,5,2022-05,15238
西安,2022,6,2022-06,15369
西安,2022,7,2022-07,15744
西安,2022,8,2022-08,15813
西安,2022,9,2022-09,15799
西安,2022,10,2022-10,15701
西安,2022,11,2022-11,16003
西安,2022,12,2022-12,15996
西安,2023,1,2023-01,15956
西安,2023,2,2023-02,15881
西安,2023,3,2023-03,15903
西安,2023,4,2023-04,15821
西安,2023,5,2023-05,15869
西安,2023,6,2023-06,15953
西安,2023,7,2023-07,16129
西安,2023,8,2023-08,16122
西安,2023,9,2023-09,16105
西安,2023,10,2023-10,16194
西安,2023,11,2023-11,15999
西安,2023,12,2023-12,16147
西安,2024,1,2024-01,16256
西安,2024,2,2024-02,16422
西安,2024,3,2024-03,16453
西安,2024,4,2024-04,16442
西安,2024,5,2024-05,16468
西安,2024,6,2024-06,16690
西安,2024,7,2024-07,16660
西安,2024,8,2024-08,16643
西安,2024,9,2024-09,16627
西安,2024,10,2024-10,16621
西安,2024,11,2024-11,16629
西安,2024,12,2024-12,16631
西安,2025,1,2025-01,16591
西安,2025,2,2025-02,16524
西安,2025,3,2025-03,16460
西安,2025,4,2025-04,16419
西安,2025,5,2025-05,16377
西安,2025,6,2025-06,16225
西安,2025,7,2025-07,16207
西安,2025,8,2025-08,16241
西安,2025,9,2025-09,16220
西安,2025,10,2025-10,16214
西安,2025,11,2025-11,16178
西安,2025,12,2025-12,16178
长沙,2017,1,2017-01,8090
长沙,2017,2,2017-02,8239
长沙,2017,3,2017-03,8520
长沙,2017,4,2017-04,8671
长沙,2017,5,2017-05,8655
长沙,2017,6,2017-06,9801
长沙,2017,7,2017-07,9743
长沙,2017,8,2017-08,10153
长沙,2017,9,2017-09,10391
长沙,2017,10,2017-10,10320
长沙,2017,11,2017-11,10036
长沙,2017,12,2017-12,9735
长沙,2018,1,2018-01,9677
长沙,2018,2,2018-02,9743
长沙,2018,3,2018-03,9811
长沙,2018,4,2018-04,10940
长沙,2018,5,2018-05,11342
长沙,2018,6,2018-06,11336
长沙,2018,7,2018-07,11408
长沙,2018,8,2018-08,10421
长沙,2018,9,2018-09,10086
长沙,2018,10,2018-10,9796
长沙,2018,11,2018-11,9466
长沙,2018,12,2018-12,9518
长沙,2019,1,2019-01,9542
长沙,2019,2,2019-02,10259
长沙,2019,3,2019-03,9161
长沙,2019,4,2019-04,9542
长沙,2019,5,2019-05,9890
长沙,2019,6,2019-06,9843
长沙,2019,7,2019-07,9741
长沙,2019,8,2019-08,9887
长沙,2019,9,2019-09,9896
长沙,2019,10,2019-10,9663
长沙,2019,11,2019-11,9558
长沙,2019,12,2019-12,9571
长沙,2020,1,2020-01,9680
长沙,2020,2,2020-02,9653
长沙,2020,3,2020-03,9517
长沙,2020,4,2020-04,9601
长沙,2020,5,2020-05,9403
长沙,2020,6,2020-06,9459
长沙,2020,7,2020-07,9550
长沙,2020,8,2020-08,9332
长沙,2020,9,2020-09,9389
长沙,2020,10,2020-10,9452
长沙,2020,11,2020-11,9396
长沙,2020,12,2020-12,9499
长沙,2021,1,2021-01,9415
长沙,2021,2,2021-02,9461
长沙,2021,3,2021-03,9667
长沙,2021,4,2021-04,9709
长沙,2021,5,2021-05,9509
长沙,2021,6,2021-06,9771
长沙,2021,7,2021-07,9688
长沙,2021,8,2021-08,9874
长沙,2021,9,2021-09,9866
长沙,2021,10,2021-10,9840
长沙,2021,11,2021-11,9983
长沙,2021,12,2021-12,10018
长沙,2022,1,2022-01,10053
长沙,2022,2,2022-02,10053
长沙,2022,3,2022-03,10073
长沙,2022,4,2022-04,10174
长沙,2022,5,2022-05,10208
长沙,2022,6,2022-06,10185
长沙,2022,7,2022-07,10125
长沙,2022,8,2022-08,10341
长沙,2022,9,2022-09,10372
长沙,2022,10,2022-10,10340
长沙,2022,11,2022-11,10361
长沙,2022,12,2022-12,10834
长沙,2023,1,2023-01,10447
长沙,2023,2,2023-02,10596
长沙,2023,3,2023-03,10663
长沙,2023,4,2023-04,10742
长沙,2023,5,2023-05,10781
长沙,2023,6,2023-06,10870
长沙,2023,7,2023-07,10891
长沙,2023,8,2023-08,10830
长沙,2023,9,2023-09,10813
长沙,2023,10,2023-10,10849
长沙,2023,11,2023-11,11009
长沙,2023,12,2023-12,11039
长沙,2024,1,2024-01,11055
长沙,2024,2,2024-02,11128
长沙,2024,3,2024-03,11077
长沙,2024,4,2024-04,11032
长沙,2024,5,2024-05,11068
长沙,2024,6,2024-06,11029
长沙,2024,7,2024-07,10959
长沙,2024,8,2024-08,10883
长沙,2024,9,2024-09,10878
长沙,2024,10,2024-10,10835
长沙,2024,11,2024-11,10836
长沙,2024,12,2024-12,10848
长沙,2025,1,2025-01,10828
长沙,2025,2,2025-02,10824
长沙,2025,3,2025-03,10821
长沙,2025,4,2025-04,10842
长沙,2025,5,2025-05,10762
长沙,2025,6,2025-06,10568
长沙,2025,7,2025-07,10619
长沙,2025,8,2025-08,10623
长沙,2025,9,2025-09,10623
长沙,2025,10,2025-10,10627
长沙,2025,11,2025-11,10774
长沙,2025,12,2025-12,10767
沈阳,2017,1,2017-01,7094
沈阳,2017,2,2017-02,7195
沈阳,2017,3,2017-03,7297
沈阳,2017,4,2017-04,7429
沈阳,2017,5,2017-05,7689
沈阳,2017,6,2017-06,7842
沈阳,2017,7,2017-07,8155
沈阳,2017,8,2017-08,8502
沈阳,2017,9,2017-09,8809
沈阳,2017,10,2017-10,8817
沈阳,2017,11,2017-11,8777
沈阳,2017,12,2017-12,9347
沈阳,2018,1,2018-01,9561
沈阳,2018,2,2018-02,9551
沈阳,2018,3,2018-03,9528
沈阳,2018,4,2018-04,9397
沈阳,2018,5,2018-05,9162
沈阳,2018,6,2018-06,9242
沈阳,2018,7,2018-07,9907
沈阳,2018,8,2018-08,10083
沈阳,2018,9,2018-09,10230
沈阳,2018,10,2018-10,10304
沈阳,2018,11,2018-11,10458
沈阳,2018,12,2018-12,10418
沈阳,2019,1,2019-01,10439
沈阳,2019,2,2019-02,10462
沈阳,2019,3,2019-03,10548
沈阳,2019,4,2019-04,10722
沈阳,2019,5,2019-05,10709
沈阳,2019,6,2019-06,10782
沈阳,2019,7,2019-07,11032
沈阳,2019,8,2019-08,11243
沈阳,2019,9,2019-09,11282
沈阳,2019,10,2019-10,11352
沈阳,2019,11,2019-11,11772
沈阳,2019,12,2019-12,11721
沈阳,2020,1,2020-01,11655
沈阳,2020,2,2020-02,11759
沈阳,2020,3,2020-03,11606
沈阳,2020,4,2020-04,11734
沈阳,2020,5,2020-05,12329
沈阳,2020,6,2020-06,12352
沈阳,2020,7,2020-07,12335
沈阳,2020,8,2020-08,12260
沈阳,2020,9,2020-09,12547
沈阳,2020,10,2020-10,12580
沈阳,2020,11,2020-11,13116
沈阳,2020,12,2020-12,13220
沈阳,2021,1,2021-01,12854
沈阳,2021,2,2021-02,12953
沈阳,2021,3,2021-03,13288
沈阳,2021,4,2021-04,13071
沈阳,2021,5,2021-05,13056
沈阳,2021,6,2021-06,13811
沈阳,2021,7,2021-07,13676
沈阳,2021,8,2021-08,13499
沈阳,2021,9,2021-09,13415
沈阳,2021,10,2021-10,13366
沈阳,2021,11,2021-11,13691
沈阳,2021,12,2021-12,13689
沈阳,2022,1,2022-01,13601
沈阳,2022,2,2022-02,13636
沈阳,2022,3,2022-03,13609
沈阳,2022,4,2022-04,13454
沈阳,2022,5,2022-05,13414
沈阳,2022,6,2022-06,13493
沈阳,2022,7,2022-07,13391
沈阳,2022,8,2022-08,13325
沈阳,2022,9,2022-09,13248
沈阳,2022,10,2022-10,13239
沈阳,2022,11,2022-11,13042
沈阳,2022,12,2022-12,13063
沈阳,2023,1,2023-01,12916
沈阳,2023,2,2023-02,13027
沈阳,2023,3,2023-03,12894
沈阳,2023,4,2023-04,13060
沈阳,2023,5,2023-05,12970
沈阳,2023,6,2023-06,12736
沈阳,2023,7,2023-07,12657
沈阳,2023,8,2023-08,12510
沈阳,2023,9,2023-09,12451
沈阳,2023,10,2023-10,12427
沈阳,2023,11,2023-11,12538
沈阳,2023,12,2023-12,12432
沈阳,2024,1,2024-01,12432
沈阳,2024,2,2024-02,12395
沈阳,2024,3,2024-03,12300
沈阳,2024,4,2024-04,12266
沈阳,2024,5,2024-05,12275
沈阳,2024,6,2024-06,12247
沈阳,2024,7,2024-07,12090
沈阳,2024,8,2024-08,12097
沈阳,2024,9,2024-09,12030
沈阳,2024,10,2024-10,11965
沈阳,2024,11,2024-11,11930
沈阳,2024,12,2024-12,11937
沈阳,2025,1,2025-01,11992
沈阳,2025,2,2025-02,11992
沈阳,2025,3,2025-03,11992
沈阳,2025,4,2025-04,12247
沈阳,2025,5,2025-05,12210
沈阳,2025,6,2025-06,12210
沈阳,2025,7,2025-07,12164
沈阳,2025,8,2025-08,12139
沈阳,2025,9,2025-09,12139
沈阳,2025,10,2025-10,12139
沈阳,2025,11,2025-11,12078
沈阳,2025,12,2025-12,12078
太原,2017,1,2017-01,7383
太原,2017,2,2017-02,8199
太原,2017,3,2017-03,8339
太原,2017,4,2017-04,8819
太原,2017,5,2017-05,8930
太原,2017,6,2017-06,9151
太原,2017,7,2017-07,9181
太原,2017,8,2017-08,9524
太原,2017,9,2017-09,9697
太原,2017,10,2017-10,9734
太原,2017,11,2017-11,9896
太原,2017,12,2017-12,10235
太原,2018,1,2018-01,10141
太原,2018,2,2018-02,10350
太原,2018,3,2018-03,10543
太原,2018,4,2018-04,11200
太原,2018,5,2018-05,11447
太原,2018,6,2018-06,12381
太原,2018,7,2018-07,12148
太原,2018,8,2018-08,13595
太原,2018,9,2018-09,13496
太原,2018,10,2018-10,13463
太原,2018,11,2018-11,13349
太原,2018,12,2018-12,13157
太原,2019,1,2019-01,12546
太原,2019,2,2019-02,12428
太原,2019,3,2019-03,12457
太原,2019,4,2019-04,12288
太原,2019,5,2019-05,12254
太原,2019,6,2019-06,12122
太原,2019,7,2019-07,12122
太原,2019,8,2019-08,12126
太原,2019,9,2019-09,12071
太原,2019,10,2019-10,12017
太原,2019,11,2019-11,11780
太原,2019,12,2019-12,11673
太原,2020,1,2020-01,11517
太原,2020,2,2020-02,11506
太原,2020,3,2020-03,11514
太原,2020,4,2020-04,11488
太原,2020,5,2020-05,11447
太原,2020,6,2020-06,11402
太原,2020,7,2020-07,11323
太原,2020,8,2020-08,11392
太原,2020,9,2020-09,11392
太原,2020,10,2020-10,11343
太原,2020,11,2020-11,11411
太原,2020,12,2020-12,11298
太原,2021,1,2021-01,11269
太原,2021,2,2021-02,11305
太原,2021,3,2021-03,11272
太原,2021,4,2021-04,11215
太原,2021,5,2021-05,11276
太原,2021,6,2021-06,11269
太原,2021,7,2021-07,11422
太原,2021,8,2021-08,11017
太原,2021,9,2021-09,10991
太原,2021,10,2021-10,10982
太原,2021,11,2021-11,10931
太原,2021,12,2021-12,10914
太原,2022,1,2022-01,10787
太原,2022,2,2022-02,10742
太原,2022,3,2022-03,10689
太原,2022,4,2022-04,10565
太原,2022,5,2022-05,10528
太原,2022,6,2022-06,10555
太原,2022,7,2022-07,10623
太原,2022,8,2022-08,10703
太原,2022,9,2022-09,10726
太原,2022,10,2022-10,10649
太原,2022,11,2022-11,10595
太原,2022,12,2022-12,10619
太原,2023,1,2023-01,10636
太原,2023,2,2023-02,10639
太原,2023,3,2023-03,10531
太原,2023,4,2023-04,10498
太原,2023,5,2023-05,10478
太原,2023,6,2023-06,10505
太原,2023,7,2023-07,10494
太原,2023,8,2023-08,10496
太原,2023,9,2023-09,10582
太原,2023,10,2023-10,10536
太原,2023,11,2023-11,10672
太原,2023,12,2023-12,10680
太原,2024,1,2024-01,10674
太原,2024,2,2024-02,10680
太原,2024,3,2024-03,10699
太原,2024,4,2024-04,10687
太原,2024,5,2024-05,10661
太原,2024,6,2024-06,10705
太原,2024,7,2024-07,10776
太原,2024,8,2024-08,10776
太原,2024,9,2024-09,10776
太原,2024,10,2024-10,10776
太原,2024,11,2024-11,10776
太原,2024,12,2024-12,10747
太原,2025,1,2025-01,10759
太原,2025,2,2025-02,10759
太原,2025,3,2025-03,10759
太原,2025,4,2025-04,10769
太原,2025,5,2025-05,10831
太原,2025,6,2025-06,10836
太原,2025,7,2025-07,10836
太原,2025,8,2025-08,10857
太原,2025,9,2025-09,10857
太原,2025,10,2025-10,10847
太原,2025,11,2025-11,10847
太原,2025,12,2025-12,10847
南京,2017,1,2017-01,20336
南京,2017,2,2017-02,20538
南京,2017,3,2017-03,20527
南京,2017,4,2017-04,20539
南京,2017,5,2017-05,20465
南京,2017,6,2017-06,23078
南京,2017,7,2017-07,22511
南京,2017,8,2017-08,21285
南京,2017,9,2017-09,21825
南京,2017,10,2017-10,20768
南京,2017,11,2017-11,20364
南京,2017,12,2017-12,19579
南京,2018,1,2018-01,19760
南京,2018,2,2018-02,19619
南京,2018,3,2018-03,19829
南京,2018,4,2018-04,19414
南京,2018,5,2018-05,19028
南京,2018,6,2018-06,18319
南京,2018,7,2018-07,18403
南京,2018,8,2018-08,17608
南京,2018,9,2018-09,17550
南京,2018,10,2018-10,17695
南京,2018,11,2018-11,18131
南京,2018,12,2018-12,18301
南京,2019,1,2019-01,18141
南京,2019,2,2019-02,18250
南京,2019,3,2019-03,18188
南京,2019,4,2019-04,18063
南京,2019,5,2019-05,18016
南京,2019,6,2019-06,18524
南京,2019,7,2019-07,18624
南京,2019,8,2019-08,18447
南京,2019,9,2019-09,18940
南京,2019,10,2019-10,19250
南京,2019,11,2019-11,19016
南京,2019,12,2019-12,19789
南京,2020,1,2020-01,20546
南京,2020,2,2020-02,20496
南京,2020,3,2020-03,20861
南京,2020,4,2020-04,20401
南京,2020,5,2020-05,20578
南京,2020,6,2020-06,20648
南京,2020,7,2020-07,20386
南京,2020,8,2020-08,20209
南京,2020,9,2020-09,21021
南京,2020,10,2020-10,21193
南京,2020,11,2020-11,21520
南京,2020,12,2020-12,22084
南京,2021,1,2021-01,22409
南京,2021,2,2021-02,22311
南京,2021,3,2021-03,22269
南京,2021,4,2021-04,22059
南京,2021,5,2021-05,21556
南京,2021,6,2021-06,20613
南京,2021,7,2021-07,21274
南京,2021,8,2021-08,23371
南京,2021,9,2021-09,23734
南京,2021,10,2021-10,23403
南京,2021,11,2021-11,23909
南京,2021,12,2021-12,25061
南京,2022,1,2022-01,25341
南京,2022,2,2022-02,25508
南京,2022,3,2022-03,25717
南京,2022,4,2022-04,25784
南京,2022,5,2022-05,25875
南京,2022,6,2022-06,26550
南京,2022,7,2022-07,26632
南京,2022,8,2022-08,26377
南京,2022,9,2022-09,26326
南京,2022,10,2022-10,26789
南京,2022,11,2022-11,27144
南京,2022,12,2022-12,27498
南京,2023,1,2023-01,27536
南京,2023,2,2023-02,27535
南京,2023,3,2023-03,27560
南京,2023,4,2023-04,27578
南京,2023,5,2023-05,27876
南京,2023,6,2023-06,27804
南京,2023,7,2023-07,28003
南京,2023,8,2023-08,27911
南京,2023,9,2023-09,27917
南京,2023,10,2023-10,27966
南京,2023,11,2023-11,28424
南京,2023,12,2023-12,28754
南京,2024,1,2024-01,28970
南京,2024,2,2024-02,28990
南京,2024,3,2024-03,29078
南京,2024,4,2024-04,28963
南京,2024,5,2024-05,28800
南京,2024,6,2024-06,29205
南京,2024,7,2024-07,29104
南京,2024,8,2024-08,29104
南京,2024,9,2024-09,30135
南京,2024,10,2024-10,30871
南京,2024,11,2024-11,30871
南京,2024,12,2024-12,30679
南京,2025,1,2025-01,30332
南京,2025,2,2025-02,30208
南京,2025,3,2025-03,30208
南京,2025,4,2025-04,29861
南京,2025,5,2025-05,29811
南京,2025,6,2025-06,29488
南京,2025,7,2025-07,29177
南京,2025,8,2025-08,29436
南京,2025,9,2025-09,29505
南京,2025,10,2025-10,29644
南京,2025,11,2025-11,29644
南京,2025,12,2025-12,29644
海口,2017,1,2017-01,9143
海口,2017,2,2017-02,9359
海口,2017,3,2017-03,11098
海口,2017,4,2017-04,11764
海口,2017,5,2017-05,12113
海口,2017,6,2017-06,13288
海口,2017,7,2017-07,13402
海口,2017,8,2017-08,13689
海口,2017,9,2017-09,14067
海口,2017,10,2017-10,14628
海口,2017,11,2017-11,15221
海口,2017,12,2017-12,14772
海口,2018,1,2018-01,15444
海口,2018,2,2018-02,16720
海口,2018,3,2018-03,16552
海口,2018,4,2018-04,17166
海口,2018,5,2018-05,18187
海口,2018,6,2018-06,18000
海口,2018,7,2018-07,18239
海口,2018,8,2018-08,18254
海口,2018,9,2018-09,17992
海口,2018,10,2018-10,16786
海口,2018,11,2018-11,16741
海口,2018,12,2018-12,15829
海口,2019,1,2019-01,15277
海口,2019,2,2019-02,15240
海口,2019,3,2019-03,15099
海口,2019,4,2019-04,15242
海口,2019,5,2019-05,15469
海口,2019,6,2019-06,15889
海口,2019,7,2019-07,15638
海口,2019,8,2019-08,15153
海口,2019,9,2019-09,14821
海口,2019,10,2019-10,15002
海口,2019,11,2019-11,14886
海口,2019,12,2019-12,14903
海口,2020,1,2020-01,14922
海口,2020,2,2020-02,14973
海口,2020,3,2020-03,14811
海口,2020,4,2020-04,14680
海口,2020,5,2020-05,14858
海口,2020,6,2020-06,14915
海口,2020,7,2020-07,15015
海口,2020,8,2020-08,14876
海口,2020,9,2020-09,14788
海口,2020,10,2020-10,14687
海口,2020,11,2020-11,14733
海口,2020,12,2020-12,14682
海口,2021,1,2021-01,14702
海口,2021,2,2021-02,14677
海口,2021,3,2021-03,14482
海口,2021,4,2021-04,14550
海口,2021,5,2021-05,14491
海口,2021,6,2021-06,14538
海口,2021,7,2021-07,13654
海口,2021,8,2021-08,13851
海口,2021,9,2021-09,13941
海口,2021,10,2021-10,14267
海口,2021,11,2021-11,14333
海口,2021,12,2021-12,14300
海口,2022,1,2022-01,14368
海口,2022,2,2022-02,14214
海口,2022,3,2022-03,14226
海口,2022,4,2022-04,14283
海口,2022,5,2022-05,14273
海口,2022,6,2022-06,14140
海口,2022,7,2022-07,13917
海口,2022,8,2022-08,13962
海口,2022,9,2022-09,14316
海口,2022,10,2022-10,14439
海口,2022,11,2022-11,14331
海口,2022,12,2022-12,14294
海口,2023,1,2023-01,14240
海口,2023,2,2023-02,14452
海口,2023,3,2023-03,14396
海口,2023,4,2023-04,14513
海口,2023,5,2023-05,14635
海口,2023,6,2023-06,14773
海口,2023,7,2023-07,14682
海口,2023,8,2023-08,14737
海口,2023,9,2023-09,14849
海口,2023,10,2023-10,14863
海口,2023,11,2023-11,14883
海口,2023,12,2023-12,14963
海口,2024,1,2024-01,14942
海口,2024,2,2024-02,14859
海口,2024,3,2024-03,15004
海口,2024,4,2024-04,15126
海口,2024,5,2024-05,14981
海口,2024,6,2024-06,15381
海口,2024,7,2024-07,15581
海口,2024,8,2024-08,15414
海口,2024,9,2024-09,15507
海口,2024,10,2024-10,15602
海口,2024,11,2024-11,15506
海口,2024,12,2024-12,15506
海口,2025,1,2025-01,15627
海口,2025,2,2025-02,15627
海口,2025,3,2025-03,15612
海口,2025,4,2025-04,15721
海口,2025,5,2025-05,15735
海口,2025,6,2025-06,15680
海口,2025,7,2025-07,15680
海口,2025,8,2025-08,15680
海口,2025,9,2025-09,15565
海口,2025,10,2025-10,15565
海口,2025,11,2025-11,15565
海口,2025,12,2025-12,15565
北京,2017,1,2017-01,30709
北京,2017,2,2017-02,31404
北京,2017,3,2017-03,31562
北京,2017,4,2017-04,31182
北京,2017,5,2017-05,30551
北京,2017,6,2017-06,37742
北京,2017,7,2017-07,41741
北京,2017,8,2017-08,41628
北京,2017,9,2017-09,41042
北京,2017,10,2017-10,40156
北京,2017,11,2017-11,37858
北京,2017,12,2017-12,38014
北京,2018,1,2018-01,39866
北京,2018,2,2018-02,40021
北京,2018,3,2018-03,41323
北京,2018,4,2018-04,41941
北京,2018,5,2018-05,41791
北京,2018,6,2018-06,43076
北京,2018,7,2018-07,41344
北京,2018,8,2018-08,40687
北京,2018,9,2018-09,49105
北京,2018,10,2018-10,45929
北京,2018,11,2018-11,40333
北京,2018,12,2018-12,41695
北京,2019,1,2019-01,44399
北京,2019,2,2019-02,45412
北京,2019,3,2019-03,45290
北京,2019,4,2019-04,41128
北京,2019,5,2019-05,43142
北京,2019,6,2019-06,45133
北京,2019,7,2019-07,45041
北京,2019,8,2019-08,42977
北京,2019,9,2019-09,42314
北京,2019,10,2019-10,42757
北京,2019,11,2019-11,42637
北京,2019,12,2019-12,43118
北京,2020,1,2020-01,42540
北京,2020,2,2020-02,40974
北京,2020,3,2020-03,41228
北京,2020,4,2020-04,41179
北京,2020,5,2020-05,40949
北京,2020,6,2020-06,40805
北京,2020,7,2020-07,43324
北京,2020,8,2020-08,41203
北京,2020,9,2020-09,40804
北京,2020,10,2020-10,40804
北京,2020,11,2020-11,40428
北京,2020,12,2020-12,40164
北京,2021,1,2021-01,39493
北京,2021,2,2021-02,39409
北京,2021,3,2021-03,38202
北京,2021,4,2021-04,38126
北京,2021,5,2021-05,41087
北京,2021,6,2021-06,39100
北京,2021,7,2021-07,37574
北京,2021,8,2021-08,37446
北京,2021,9,2021-09,37464
北京,2021,10,2021-10,37196
北京,2021,11,2021-11,37763
北京,2021,12,2021-12,38225
北京,2022,1,2022-01,38673
北京,2022,2,2022-02,38615
北京,2022,3,2022-03,39383
北京,2022,4,2022-04,39591
北京,2022,5,2022-05,40261
北京,2022,6,2022-06,41305
北京,2022,7,2022-07,41131
北京,2022,8,2022-08,41444
北京,2022,9,2022-09,41065
北京,2022,10,2022-10,40705
北京,2022,11,2022-11,41407
北京,2022,12,2022-12,48268
北京,2023,1,2023-01,48042
北京,2023,2,2023-02,48011
北京,2023,3,2023-03,47927
北京,2023,4,2023-04,47683
北京,2023,5,2023-05,46928
北京,2023,6,2023-06,46871
北京,2023,7,2023-07,46937
北京,2023,8,2023-08,47002
北京,2023,9,2023-09,46645
北京,2023,10,2023-10,46758
北京,2023,11,2023-11,47285
北京,2023,12,2023-12,47344
北京,2024,1,2024-01,47529
北京,2024,2,2024-02,47933
北京,2024,3,2024-03,48084
北京,2024,4,2024-04,48357
北京,2024,5,2024-05,47924
北京,2024,6,2024-06,48060
北京,2024,7,2024-07,48449
北京,2024,8,2024-08,48492
北京,2024,9,2024-09,48545
北京,2024,10,2024-10,48602
北京,2024,11,2024-11,48536
北京,2024,12,2024-12,48418
北京,2025,1,2025-01,48515
北京,2025,2,2025-02,48515
北京,2025,3,2025-03,48515
北京,2025,4,2025-04,48515
北京,2025,5,2025-05,47961
北京,2025,6,2025-06,48141
北京,2025,7,2025-07,48148
北京,2025,8,2025-08,48337
北京,2025,9,2025-09,48726
北京,2025,10,2025-10,48589
北京,2025,11,2025-11,48482
北京,2025,12,2025-12,48482
深圳,2017,1,2017-01,47072
深圳,2017,2,2017-02,47602
深圳,2017,3,2017-03,47638
深圳,2017,4,2017-04,49367
深圳,2017,5,2017-05,51101
深圳,2017,6,2017-06,56180
深圳,2017,7,2017-07,54632
深圳,2017,8,2017-08,52740
深圳,2017,9,2017-09,51549
深圳,2017,10,2017-10,51164
深圳,2017,11,2017-11,51694
深圳,2017,12,2017-12,49947
深圳,2018,1,2018-01,47810
深圳,2018,2,2018-02,45576
深圳,2018,3,2018-03,44848
深圳,2018,4,2018-04,44690
深圳,2018,5,2018-05,45731
深圳,2018,6,2018-06,45503
深圳,2018,7,2018-07,47250
深圳,2018,8,2018-08,48419
深圳,2018,9,2018-09,49901
深圳,2018,10,2018-10,48866
深圳,2018,11,2018-11,46117
深圳,2018,12,2018-12,47369
深圳,2019,1,2019-01,47150
深圳,2019,2,2019-02,50618
深圳,2019,3,2019-03,46320
深圳,2019,4,2019-04,47063
深圳,2019,5,2019-05,50512
深圳,2019,6,2019-06,51554
深圳,2019,7,2019-07,50026
深圳,2019,8,2019-08,48538
深圳,2019,9,2019-09,49682
深圳,2019,10,2019-10,49970
深圳,2019,11,2019-11,49601
深圳,2019,12,2019-12,48855
深圳,2020,1,2020-01,48541
深圳,2020,2,2020-02,47325
深圳,2020,3,2020-03,48052
深圳,2020,4,2020-04,46209
深圳,2020,5,2020-05,48031
深圳,2020,6,2020-06,45069
深圳,2020,7,2020-07,45397
深圳,2020,8,2020-08,43345
深圳,2020,9,2020-09,42754
深圳,2020,10,2020-10,45110
深圳,2020,11,2020-11,45929
深圳,2020,12,2020-12,46347
深圳,2021,1,2021-01,46866
深圳,2021,2,2021-02,49016
深圳,2021,3,2021-03,47065
深圳,2021,4,2021-04,42849
深圳,2021,5,2021-05,41095
深圳,2021,6,2021-06,42624
深圳,2021,7,2021-07,43136
深圳,2021,8,2021-08,45290
深圳,2021,9,2021-09,47775
深圳,2021,10,2021-10,47061
深圳,2021,11,2021-11,49821
深圳,2021,12,2021-12,51374
深圳,2022,1,2022-01,52739
深圳,2022,2,2022-02,53814
深圳,2022,3,2022-03,52928
深圳,2022,4,2022-04,51105
深圳,2022,5,2022-05,52264
深圳,2022,6,2022-06,52554
深圳,2022,7,2022-07,52543
深圳,2022,8,2022-08,58566
深圳,2022,9,2022-09,60868
深圳,2022,10,2022-10,60316
深圳,2022,11,2022-11,60060
深圳,2022,12,2022-12,62943
深圳,2023,1,2023-01,63361
深圳,2023,2,2023-02,61744
深圳,2023,3,2023-03,59835
深圳,2023,4,2023-04,59875
深圳,2023,5,2023-05,58975
深圳,2023,6,2023-06,59273
深圳,2023,7,2023-07,58868
深圳,2023,8,2023-08,58847
深圳,2023,9,2023-09,58806
深圳,2023,10,2023-10,59121
深圳,2023,11,2023-11,58462
深圳,2023,12,2023-12,57750
深圳,2024,1,2024-01,57273
深圳,2024,2,2024-02,57136
深圳,2024,3,2024-03,57961
深圳,2024,4,2024-04,57187
深圳,2024,5,2024-05,57114
深圳,2024,6,2024-06,57285
深圳,2024,7,2024-07,57240
深圳,2024,8,2024-08,57240
深圳,2024,9,2024-09,57240
深圳,2024,10,2024-10,57240
深圳,2024,11,2024-11,57072
深圳,2024,12,2024-12,56746
深圳,2025,1,2025-01,56746
深圳,2025,2,2025-02,56746
深圳,2025,3,2025-03,56098
深圳,2025,4,2025-04,56631
深圳,2025,5,2025-05,56550
深圳,2025,6,2025-06,56498
深圳,2025,7,2025-07,56369
深圳,2025,8,2025-08,55483
深圳,2025,9,2025-09,55185
深圳,2025,10,2025-10,55139
深圳,2025,11,2025-11,54990
深圳,2025,12,2025-12,54990
