Direction,District,Elevator,Floor,Garden,Id,Layout,Total_Price,Region,Renovation,Size,Year,Price
南,,无电梯,2,,BJ_0001,2室1厅,310.003857,朝阳,精装,88.57,,3.5001
南,,有电梯,11,,BJ_0002,2室2厅,620.0059950000001,朝阳,精装,94.15,,6.5853
南,,有电梯,9,,BJ_0003,1室0厅,185.002272,朝阳,精装,38.01,,4.8672
南,,有电梯,11,,BJ_0004,2室2厅,730.00021,朝阳,精装,111.85,,6.5266
南,,有电梯,15,,BJ_0005,3室2厅,790.0111,朝阳,精装,155.3,,5.087
南,,有电梯,6,,BJ_0006,3室2厅,1100.00991,朝阳,精装,132.1,,8.3271
南,,有电梯,18,,BJ_0007,1室0厅,330.003116,朝阳,精装,54.62,,6.0418
南,,无电梯,2,,BJ_0008,2室1厅,340.000452,朝阳,精装,87.24,,3.8973
南,,有电梯,6,,BJ_0009,1室1厅,290.006262,朝阳,精装,75.34,,3.8493
南,,无电梯,1,,BJ_0010,1室1厅,360.006075,朝阳,精装,75.15,,4.7905
南,,无电梯,1,,BJ_0011,2室1厅,300.003,朝阳,精装,55.0,,5.4546
南,,无电梯,5,,BJ_0012,2室1厅,620.001771,朝阳,精装,94.89,,6.5339
南,,无电梯,3,,BJ_0013,2室1厅,723.003248,朝阳,精装,88.88,,8.1346
南,,有电梯,11,,BJ_0014,2室1厅,334.00588,朝阳,精装,92.42,,3.614
南,,有电梯,12,,BJ_0015,2室2厅,793.0091759999999,朝阳,精装,93.36,,8.4941
南,,无电梯,6,,BJ_0016,2室2厅,520.0086319999999,朝阳,精装,105.71,,4.9192
南,,有电梯,7,,BJ_0017,2室1厅,680.006208,朝阳,精装,86.72,,7.8414
南,,有电梯,7,,BJ_0018,2室2厅,620.00085,朝阳,精装,109.9,,5.6415
南,,有电梯,22,,BJ_0019,2室1厅,320.0053,朝阳,精装,79.0,,4.0507
南,,有电梯,16,,BJ_0020,2室1厅,320.003622,朝阳,精装,91.38,,3.5019
南,,无电梯,6,,BJ_0021,1室1厅,320.001214,朝阳,精装,44.98,,7.1143
南,,无电梯,6,,BJ_0022,2室2厅,382.00548000000003,朝阳,精装,93.56,,4.083
南,,无电梯,4,,BJ_0023,2室1厅,405.002389,朝阳,精装,88.99,,4.5511
南,,有电梯,10,,BJ_0024,2室1厅,320.005382,朝阳,精装,54.31,,5.8922
南,,无电梯,1,,BJ_0025,2室2厅,330.00739999999996,朝阳,精装,101.0,,3.2674
南,,有电梯,11,,BJ_0026,3室2厅,590.010431,朝阳,精装,121.07,,4.8733
南,,有电梯,11,,BJ_0027,3室2厅,1100.001303,朝阳,精装,180.03,,6.1101
南,,有电梯,25,,BJ_0028,2室2厅,640.008438,朝阳,精装,136.41,,4.6918
南,,有电梯,24,,BJ_0029,3室3厅,750.0085,朝阳,精装,185.0,,4.0541
南,,有电梯,24,,BJ_0030,2室1厅,375.00618599999996,朝阳,精装,68.69,,5.4594
南,,有电梯,24,,BJ_0031,3室2厅,900.01223,朝阳,精装,128.05,,7.0286
南,,无电梯,4,,BJ_0032,3室1厅,565.006096,朝阳,精装,102.16,,5.5306
南,,有电梯,9,,BJ_0033,2室2厅,365.005865,朝阳,精装,92.05,,3.9653
南,,有电梯,23,,BJ_0034,2室1厅,250.00635,朝阳,精装,83.1,,3.0085
南,,有电梯,9,,BJ_0035,2室1厅,310.00388999999996,朝阳,精装,72.66,,4.2665
南,,有电梯,17,,BJ_0036,3室2厅,1100.0033600000002,朝阳,精装,92.48,,11.8945
南,,有电梯,12,,BJ_0037,3室2厅,400.0082,朝阳,精装,118.0,,3.3899
南,,有电梯,13,,BJ_0038,3室2厅,1300.00326,朝阳,精装,184.28,,7.0545
南,,有电梯,6,,BJ_0039,3室2厅,830.0019399999999,朝阳,精装,152.63,,5.438
南,,无电梯,3,,BJ_0040,3室2厅,630.0,朝阳,精装,150.0,,4.2
南,,有电梯,14,,BJ_0041,2室1厅,300.00332699999996,朝阳,精装,58.89,,5.0943
南,,有电梯,19,,BJ_0042,3室2厅,1130.001408,朝阳,精装,138.24,,8.1742
南,,无电梯,6,,BJ_0043,4室2厅,665.002822,朝阳,精装,199.21,,3.3382
南,,有电梯,13,,BJ_0044,4室2厅,590.006704,朝阳,精装,142.28,,4.1468
南,,有电梯,11,,BJ_0045,3室1厅,320.0012,朝阳,精装,68.0,,4.7059
南,,有电梯,20,,BJ_0046,3室2厅,445.009689,朝阳,精装,146.13,,3.0453
南,,有电梯,11,,BJ_0047,3室1厅,356.00855,朝阳,精装,98.5,,3.6143
南,,有电梯,20,,BJ_0048,2室2厅,750.0038010000001,朝阳,精装,98.79,,7.5919
南,,无电梯,2,,BJ_0049,3室2厅,1680.0155190000003,朝阳,精装,171.99,,9.7681
南,,有电梯,10,,BJ_0050,1室1厅,400.002925,朝阳,精装,61.61,,6.4925
南,,无电梯,6,,BJ_0051,1室1厅,450.0036,朝阳,精装,76.0,,5.9211
南,,有电梯,11,,BJ_0052,3室2厅,515.011872,朝阳,精装,138.72,,3.7126
南,,无电梯,1,,BJ_0053,3室1厅,550.004742,朝阳,精装,85.09,,6.4638
南,,无电梯,2,,BJ_0054,2室1厅,360.002292,朝阳,精装,82.29,,4.3748
南,,有电梯,6,,BJ_0055,1室2厅,460.00294399999996,朝阳,精装,76.22,,6.0352
南,,有电梯,8,,BJ_0056,2室1厅,450.0048,朝阳,精装,118.0,,3.8136
南,,有电梯,23,,BJ_0057,3室0厅,275.00295,朝阳,精装,59.25,,4.6414
南,,无电梯,6,,BJ_0058,2室1厅,240.001671,朝阳,精装,59.93,,4.0047
南,,有电梯,9,,BJ_0059,2室1厅,510.00127799999996,朝阳,精装,100.39,,5.0802
南,,有电梯,10,,BJ_0060,2室2厅,530.008798,朝阳,精装,105.71,,5.0138
南,,有电梯,9,,BJ_0061,2室1厅,315.003192,朝阳,精装,60.29,,5.2248
南,,有电梯,7,,BJ_0062,2室1厅,680.00101,朝阳,精装,107.74,,6.3115
南,,无电梯,3,,BJ_0063,2室1厅,368.001855,朝阳,精装,89.31,,4.1205
南,,有电梯,19,,BJ_0064,3室2厅,850.0136640000001,朝阳,精装,145.87,,5.8272
南,,有电梯,13,,BJ_0065,2室2厅,570.006252,朝阳,精装,100.92,,5.6481
南,,无电梯,5,,BJ_0066,3室1厅,390.00471999999996,朝阳,精装,68.32,,5.7085
南,,无电梯,5,,BJ_0067,3室2厅,680.011878,朝阳,精装,170.22,,3.9949
南,,有电梯,10,,BJ_0068,3室2厅,950.00895,朝阳,精装,114.39,,8.305
南,,有电梯,10,,BJ_0069,1室1厅,280.004505,朝阳,精装,45.35,,6.1743
南,,无电梯,2,,BJ_0070,2室1厅,258.0039,朝阳,精装,77.0,,3.3507
南,,有电梯,8,,BJ_0071,2室2厅,780.0024970000001,朝阳,精装,89.89,,8.6773
南,,有电梯,25,,BJ_0072,3室2厅,535.005,朝阳,精装,135.0,,3.963
南,,无电梯,1,,BJ_0073,2室2厅,500.003328,朝阳,精装,88.88,,5.6256
南,,无电梯,6,,BJ_0074,2室2厅,550.007307,朝阳,精装,87.21,,6.3067
南,,无电梯,2,,BJ_0075,1室1厅,245.0007,朝阳,精装,63.0,,3.8889
南,,无电梯,1,,BJ_0076,1室0厅,180.00412500000002,朝阳,精装,49.35,,3.6475
南,,有电梯,16,,BJ_0077,2室1厅,319.0005,朝阳,精装,65.0,,4.9077
南,,无电梯,2,,BJ_0078,3室2厅,870.01512,朝阳,精装,164.03,,5.304
南,,有电梯,12,,BJ_0079,2室1厅,335.00680600000004,朝阳,精装,83.62,,4.0063
南,,有电梯,11,,BJ_0080,3室2厅,1160.017119,朝阳,精装,191.97,,6.0427
南,,有电梯,12,,BJ_0081,1室1厅,425.00088800000003,朝阳,精装,73.84,,5.7557
南,,有电梯,10,,BJ_0082,2室2厅,230.00667,朝阳,精装,71.3,,3.2259
南,,有电梯,8,,BJ_0083,2室1厅,391.00485000000003,朝阳,精装,89.75,,4.3566
南,,无电梯,6,,BJ_0084,3室1厅,353.01135999999997,朝阳,精装,122.2,,2.8888
南,,有电梯,7,,BJ_0085,1室1厅,315.0057,朝阳,精装,71.0,,4.4367
南,,无电梯,2,,BJ_0086,2室1厅,298.00456,朝阳,精装,78.2,,3.8108
南,,有电梯,14,,BJ_0087,3室2厅,1095.0084359999998,朝阳,精装,171.54,,6.3834
南,,有电梯,21,,BJ_0088,3室1厅,580.010409,朝阳,精装,139.59,,4.1551
南,,有电梯,20,,BJ_0089,3室1厅,640.002112,朝阳,精装,127.04,,5.0378
南,,有电梯,20,,BJ_0090,2室1厅,420.007608,朝阳,精装,97.17,,4.3224
南,,有电梯,16,,BJ_0091,2室1厅,450.010176,朝阳,精装,109.78,,4.0992
南,,有电梯,14,,BJ_0092,1室1厅,230.00019899999998,朝阳,精装,59.51,,3.8649
南,,无电梯,6,,BJ_0093,2室1厅,229.00140000000002,朝阳,精装,58.0,,3.9483
南,,有电梯,12,,BJ_0094,2室1厅,650.0103389999999,朝阳,精装,109.89,,5.9151
南,,有电梯,6,,BJ_0095,4室2厅,890.0205,朝阳,精装,213.0,,4.1785
南,,无电梯,1,,BJ_0096,3室1厅,485.00980000000004,朝阳,精装,98.78,,4.91
南,,无电梯,2,,BJ_0097,1室1厅,780.00352,朝阳,精装,86.36,,9.032
南,,有电梯,13,,BJ_0098,1室1厅,300.0,朝阳,精装,48.0,,6.25
南,,有电梯,11,,BJ_0099,2室2厅,420.01057799999995,朝阳,精装,125.91,,3.3358
南,,有电梯,12,,BJ_0100,3室2厅,1030.0060469999999,朝阳,精装,153.51,,6.7097
南,,有电梯,20,,BJ_0101,1室1厅,300.00079500000004,朝阳,精装,44.95,,6.6741
南,,无电梯,1,,BJ_0102,3室1厅,728.012961,朝阳,精装,139.41,,5.2221
南,,有电梯,12,,BJ_0103,1室1厅,400.0,朝阳,精装,64.0,,6.25
南,,无电梯,6,,BJ_0104,2室1厅,340.004525,朝阳,精装,87.25,,3.8969
南,,有电梯,22,,BJ_0105,2室1厅,230.0007,朝阳,精装,57.0,,4.0351
南,,有电梯,7,,BJ_0106,1室0厅,229.000991,朝阳,精装,39.07,,5.8613
南,,有电梯,8,,BJ_0107,1室1厅,475.002924,朝阳,精装,70.86,,6.7034
南,,有电梯,10,,BJ_0108,3室2厅,505.0038,朝阳,精装,106.8,,4.7285
南,,无电梯,3,,BJ_0109,3室2厅,850.0096879999999,朝阳,精装,154.64,,5.4967
南,,无电梯,5,,BJ_0110,3室1厅,440.00444400000003,朝阳,精装,78.34,,5.6166
南,,有电梯,10,,BJ_0111,5室2厅,1290.017403,朝阳,精装,245.61,,5.2523
南,,无电梯,5,,BJ_0112,1室1厅,230.0048,朝阳,精装,58.0,,3.9656
南,,有电梯,11,,BJ_0113,1室0厅,245.000706,朝阳,精装,49.71,,4.9286
南,,有电梯,7,,BJ_0114,2室2厅,700.004819,朝阳,精装,113.51,,6.1669
南,,有电梯,9,,BJ_0115,4室2厅,810.0050560000001,朝阳,精装,187.12,,4.3288
南,,有电梯,10,,BJ_0116,1室1厅,305.00600000000003,朝阳,精装,65.0,,4.6924
南,,有电梯,6,,BJ_0117,4室2厅,1400.00785,朝阳,精装,204.53,,6.845
南,,无电梯,2,,BJ_0118,3室1厅,660.009162,朝阳,精装,148.31,,4.4502
南,,有电梯,23,,BJ_0119,3室2厅,935.0148600000001,朝阳,精装,161.46,,5.791
南,,有电梯,10,,BJ_0120,2室2厅,730.000326,朝阳,精装,124.23,,5.8762
南,,无电梯,2,,BJ_0121,4室2厅,1000.0166220000001,朝阳,精装,190.11,,5.2602
南,,有电梯,10,,BJ_0122,1室1厅,299.0,朝阳,精装,65.0,,4.6
南,,无电梯,2,,BJ_0123,2室0厅,350.00100000000003,朝阳,精装,58.0,,6.0345
南,,无电梯,1,,BJ_0124,5室3厅,780.0,朝阳,精装,208.0,,3.75
南,,有电梯,20,,BJ_0125,2室2厅,520.0077,朝阳,精装,87.0,,5.9771
南,,有电梯,10,,BJ_0126,2室2厅,600.0032,朝阳,精装,97.0,,6.1856
南,,有电梯,19,,BJ_0127,3室2厅,1300.006173,朝阳,精装,149.61,,8.6893
南,,有电梯,15,,BJ_0128,3室2厅,828.001945,朝阳,精装,140.09,,5.9105
南,,有电梯,20,,BJ_0129,2室1厅,275.003981,朝阳,精装,58.61,,4.6921
南,,无电梯,3,,BJ_0130,2室2厅,330.00194700000003,朝阳,精装,88.47,,3.7301
南,,有电梯,9,,BJ_0131,5室3厅,1880.0232800000003,朝阳,精装,233.08,,8.066
南,,有电梯,7,,BJ_0132,3室1厅,319.000976,朝阳,精装,72.52,,4.3988
南,,无电梯,6,,BJ_0133,2室1厅,525.004978,朝阳,精装,99.98,,5.2511
南,,有电梯,9,,BJ_0134,2室1厅,500.004629,朝阳,精装,81.43,,6.1403
南,,有电梯,9,,BJ_0135,3室1厅,530.004384,朝阳,精装,134.82,,3.9312
南,,有电梯,20,,BJ_0136,2室2厅,650.0056999999999,朝阳,精装,101.0,,6.4357
南,,有电梯,12,,BJ_0137,2室2厅,1050.0065379999999,朝阳,精装,160.37,,6.5474
南,,无电梯,4,,BJ_0138,4室2厅,1150.00616,朝阳,精装,192.76,,5.966
南,,有电梯,16,,BJ_0139,2室1厅,255.00101899999996,朝阳,精装,58.37,,4.3687
南,,有电梯,7,,BJ_0140,2室2厅,500.00654499999996,朝阳,精装,90.77,,5.5085
南,,无电梯,3,,BJ_0141,4室2厅,1200.0035520000001,朝阳,精装,245.52,,4.8876
南,,有电梯,18,,BJ_0142,2室1厅,272.000394,东城,精装,55.13,,4.9338
南,,有电梯,9,,BJ_0143,2室1厅,435.00398500000006,东城,精装,71.15,,6.1139
南,,无电梯,1,,BJ_0144,3室2厅,930.012494,东城,精装,133.19,,6.9826
南,,有电梯,10,,BJ_0145,3室1厅,750.01025,东城,精装,103.7,,7.2325
南,,有电梯,7,,BJ_0146,2室1厅,780.0041120000001,东城,精装,80.48,,9.6919
南,,有电梯,18,,BJ_0147,2室2厅,530.00024,东城,精装,108.64,,4.8785
南,,有电梯,10,,BJ_0148,2室1厅,326.00287199999997,东城,精装,54.48,,5.9839
南,,有电梯,16,,BJ_0149,1室1厅,190.0038,东城,精装,42.0,,4.5239
南,,无电梯,5,,BJ_0150,2室1厅,650.008512,东城,精装,123.36,,5.2692
南,,有电梯,7,,BJ_0151,2室1厅,455.004,东城,精装,67.5,,6.7408
南,,有电梯,18,,BJ_0152,3室1厅,1050.014988,东城,精装,175.02,,5.9994
南,,有电梯,18,,BJ_0153,1室1厅,385.00308,东城,精装,51.17,,7.524
南,,无电梯,6,,BJ_0154,2室2厅,1400.01141,东城,精装,137.55,,10.1782
南,,有电梯,18,,BJ_0155,2室1厅,585.004848,东城,精装,74.04,,7.9012
南,,无电梯,1,,BJ_0156,3室1厅,390.00577799999996,东城,精装,71.86,,5.4273
南,,无电梯,1,,BJ_0157,1室1厅,425.00176600000003,东城,精装,62.78,,6.7697
南,,无电梯,6,,BJ_0158,2室1厅,452.00110199999995,东城,精装,85.19,,5.3058
南,,有电梯,15,,BJ_0159,3室2厅,2000.00088,东城,精装,211.6,,9.4518
南,,无电梯,1,,BJ_0160,2室2厅,900.0,东城,精装,192.0,,4.6875
南,,有电梯,7,,BJ_0161,2室1厅,602.0,东城,精装,107.5,,5.6
南,,无电梯,1,,BJ_0162,2室2厅,650.0026,东城,精装,106.0,,6.1321
南,,无电梯,6,,BJ_0163,3室1厅,820.008,东城,精装,168.0,,4.881
南,,无电梯,5,,BJ_0164,1室1厅,350.00242199999997,东城,精装,39.93,,8.7654
南,,有电梯,18,,BJ_0165,3室1厅,698.006426,东城,精装,88.18,,7.9157
南,,有电梯,16,,BJ_0166,2室1厅,380.00129999999996,东城,精装,59.0,,6.4407
南,,有电梯,11,,BJ_0167,3室2厅,880.0008,东城,精装,168.0,,5.2381
南,,有电梯,9,,BJ_0168,1室1厅,420.002016,东城,精装,55.31,,7.5936
南,,有电梯,23,,BJ_0169,3室1厅,396.0,东城,精装,60.0,,6.6
南,,有电梯,12,,BJ_0170,2室1厅,345.001621,东城,精装,48.11,,7.1711
南,,有电梯,11,,BJ_0171,3室1厅,275.00392899999997,东城,精装,82.27,,3.3427
南,,有电梯,17,,BJ_0172,2室1厅,500.002348,东城,精装,54.38,,9.1946
南,,有电梯,8,,BJ_0173,2室1厅,460.00585,东城,精装,65.3,,7.0445
南,,有电梯,7,,BJ_0174,2室1厅,890.0068,东城,精装,109.0,,8.1652
南,,有电梯,25,,BJ_0175,1室1厅,950.00802,东城,精装,120.59,,7.878
南,,有电梯,25,,BJ_0176,2室1厅,280.00440000000003,东城,精装,62.0,,4.5162
南,,有电梯,10,,BJ_0177,2室1厅,500.00467999999995,东城,精装,56.78,,8.806
南,,有电梯,10,,BJ_0178,1室0厅,400.0007,东城,精装,79.0,,5.0633
南,,有电梯,12,,BJ_0179,1室1厅,360.00198,东城,精装,44.85,,8.0268
南,,有电梯,9,,BJ_0180,2室1厅,860.0151,东城,精装,159.0,,5.4089
南,,有电梯,13,,BJ_0181,3室1厅,680.00309,东城,精装,86.06,,7.9015
南,,无电梯,4,,BJ_0182,1室0厅,480.00411,东城,精装,61.98,,7.7445
南,,有电梯,7,,BJ_0183,2室1厅,550.001409,东城,精装,70.57,,7.7937
南,,无电梯,2,,BJ_0184,1室0厅,380.004798,东城,精装,54.83,,6.9306
南,,无电梯,1,,BJ_0185,3室1厅,830.0085,东城,精装,127.0,,6.5355
南,,无电梯,2,,BJ_0186,2室1厅,395.000294,东城,精装,56.03,,7.0498
南,,有电梯,10,,BJ_0187,1室1厅,455.005221,东城,精装,59.73,,7.6177
南,,有电梯,19,,BJ_0188,2室1厅,500.002371,东城,精装,64.13,,7.7967
南,,无电梯,6,,BJ_0189,1室1厅,383.00383800000003,东城,精装,44.38,,8.6301
南,,有电梯,12,,BJ_0190,3室2厅,2050.007611,东城,精装,231.37,,8.8603
南,,有电梯,22,,BJ_0191,3室0厅,568.0,东城,精装,71.0,,8.0
南,,有电梯,12,,BJ_0192,2室1厅,580.0004200000001,东城,精装,68.36,,8.4845
南,,无电梯,6,,BJ_0193,3室0厅,550.005,东城,精装,74.0,,7.4325
南,,有电梯,8,,BJ_0194,2室1厅,460.00368,东城,精装,58.48,,7.866
南,,有电梯,10,,BJ_0195,1室1厅,386.002,东城,精装,68.0,,5.6765
南,,有电梯,18,,BJ_0196,2室1厅,455.001361,东城,精装,85.57,,5.3173
南,,无电梯,6,,BJ_0197,1室1厅,530.0022,东城,精装,59.5,,8.9076
南,,无电梯,3,,BJ_0198,3室1厅,400.00153299999994,东城,精装,64.63,,6.1891
南,,有电梯,10,,BJ_0199,1室2厅,500.00205,东城,精装,68.5,,7.2993
南,,无电梯,2,,BJ_0200,2室1厅,385.000264,东城,精装,53.78,,7.1588
南,,有电梯,12,,BJ_0201,2室1厅,350.0028,东城,精装,51.0,,6.8628
南,,有电梯,23,,BJ_0202,1室1厅,400.001574,东城,精装,63.79,,6.2706
南,,有电梯,7,,BJ_0203,1室1厅,370.0036,东城,精装,62.0,,5.9678
南,,无电梯,2,,BJ_0204,3室1厅,370.007068,东城,精装,88.12,,4.1989
南,,无电梯,6,,BJ_0205,1室1厅,420.004165,东城,精装,63.35,,6.6299
南,,无电梯,6,,BJ_0206,3室1厅,900.0026920000001,东城,精装,119.93,,7.5044
南,,有电梯,10,,BJ_0207,2室2厅,1200.0049199999999,东城,精装,158.92,,7.551
南,,无电梯,1,,BJ_0208,2室1厅,640.0020509999999,东城,精装,80.47,,7.9533
南,,有电梯,7,,BJ_0209,2室1厅,270.00324,东城,精装,70.2,,3.8462
南,,有电梯,6,,BJ_0210,1室2厅,460.00280000000004,东城,精装,62.0,,7.4194
南,,无电梯,6,,BJ_0211,4室2厅,1050.0217,东城,精装,247.0,,4.2511
南,,有电梯,21,,BJ_0212,4室2厅,2000.0070400000002,东城,精装,228.52,,8.752
南,,有电梯,25,,BJ_0213,1室1厅,355.003396,东城,精装,47.72,,7.4393
南,,无电梯,1,,BJ_0214,2室1厅,1600.0065,东城,精装,115.0,,13.9131
南,,有电梯,9,,BJ_0215,3室1厅,670.0011999999999,东城,精装,127.0,,5.2756
南,,有电梯,7,,BJ_0216,4室1厅,1600.0095,东城,精装,185.0,,8.6487
南,,有电梯,25,,BJ_0217,2室1厅,509.00219999999996,东城,精装,63.0,,8.0794
南,,有电梯,6,,BJ_0218,2室1厅,455.001408,东城,精装,52.56,,8.6568
南,,无电梯,1,,BJ_0219,2室1厅,420.00058199999995,东城,精装,90.66,,4.6327
南,,无电梯,3,,BJ_0220,1室1厅,465.00260000000003,东城,精装,59.0,,7.8814
南,,有电梯,9,,BJ_0221,2室1厅,485.000384,东城,精装,64.64,,7.5031
南,,有电梯,20,,BJ_0222,2室1厅,445.002876,东城,精装,56.82,,7.8318
南,,有电梯,24,,BJ_0223,3室2厅,798.0,东城,精装,114.0,,7.0
南,,有电梯,19,,BJ_0224,2室1厅,378.0016,东城,精装,62.0,,6.0968
南,,有电梯,19,,BJ_0225,2室0厅,395.003436,东城,精装,50.06,,7.8906
南,,有电梯,8,,BJ_0226,2室1厅,500.00652,东城,精装,70.2,,7.1226
南,,有电梯,8,,BJ_0227,2室1厅,230.00560000000002,东城,精装,59.0,,3.8984
南,,有电梯,8,,BJ_0228,2室1厅,430.00559999999996,东城,精装,72.0,,5.9723
南,,有电梯,20,,BJ_0229,2室1厅,850.0068,东城,精装,76.0,,11.1843
南,,有电梯,12,,BJ_0230,3室1厅,425.006088,东城,精装,67.38,,6.3076
南,,有电梯,9,,BJ_0231,1室1厅,155.00208899999998,东城,精装,41.19,,3.7631
南,,无电梯,6,,BJ_0232,4室3厅,1400.0035,东城,精装,245.0,,5.7143
南,,有电梯,14,,BJ_0233,3室1厅,470.001911,东城,精装,76.97,,6.1063
南,,有电梯,25,,BJ_0234,2室1厅,585.007235,东城,精装,74.95,,7.8053
南,,有电梯,11,,BJ_0235,2室2厅,980.0087219999999,东城,精装,170.38,,5.7519
南,,有电梯,22,,BJ_0236,2室1厅,360.0006,东城,精装,57.0,,6.3158
南,,无电梯,5,,BJ_0237,2室1厅,440.00323000000003,东城,精装,49.9,,8.8177
南,,有电梯,16,,BJ_0238,2室1厅,1000.0000269999998,东城,精装,159.89,,6.2543
南,,有电梯,12,,BJ_0239,1室1厅,368.000116,东城,精装,57.94,,6.3514
南,,无电梯,2,,BJ_0240,2室2厅,850.0064,东城,精装,92.0,,9.2392
南,,有电梯,18,,BJ_0241,3室1厅,485.00450000000006,东城,精装,62.2,,7.7975
南,,有电梯,21,,BJ_0242,2室1厅,520.0042530000001,东城,精装,58.09,,8.9517
南,,无电梯,6,,BJ_0243,2室1厅,638.002221,东城,精装,63.93,,9.9797
南,,有电梯,20,,BJ_0244,1室1厅,380.004128,东城,精装,49.64,,7.6552
南,,有电梯,10,,BJ_0245,3室2厅,860.015034,东城,精装,151.63,,5.6718
南,,有电梯,19,,BJ_0246,2室1厅,450.0078,东城,精装,82.0,,5.4879
南,,无电梯,3,,BJ_0247,3室1厅,530.0027200000001,东城,精装,134.11,,3.952
南,,无电梯,1,,BJ_0248,1室1厅,580.001064,东城,精装,70.48,,8.2293
南,,有电梯,7,,BJ_0249,2室1厅,360.0025,东城,精装,65.0,,5.5385
南,,有电梯,16,,BJ_0250,2室1厅,255.0036,东城,精装,61.5,,4.1464
南,,有电梯,22,,BJ_0251,1室1厅,380.00488099999995,东城,精装,54.41,,6.9841
南,,无电梯,6,,BJ_0252,1室0厅,350.003098,东城,精装,58.06,,6.0283
南,,有电梯,16,,BJ_0253,5室2厅,1350.0,东城,精装,225.0,,6.0
南,,无电梯,1,,BJ_0254,2室1厅,475.00207800000004,东城,精装,77.43,,6.1346
南,,无电梯,5,,BJ_0255,2室1厅,510.001632,东城,精装,57.12,,8.9286
南,,无电梯,3,,BJ_0256,4室2厅,1100.0096700000001,东城,精装,246.65,,4.4598
南,,有电梯,21,,BJ_0257,3室1厅,500.0025,东城,精装,75.0,,6.6667
南,,有电梯,22,,BJ_0258,2室1厅,405.004586,东城,精装,50.39,,8.0374
南,,无电梯,3,,BJ_0259,3室1厅,690.00427,东城,精装,46.3,,14.9029
南,,有电梯,7,,BJ_0260,1室1厅,360.00120999999996,东城,精装,32.29,,11.149
南,,有电梯,22,,BJ_0261,1室0厅,410.00002199999994,东城,精装,40.23,,10.1914
南,,有电梯,6,,BJ_0262,3室1厅,635.00227,东城,精装,71.05,,8.9374
南,,有电梯,12,,BJ_0263,3室2厅,800.005976,东城,精装,133.21,,6.0056
南,,有电梯,9,,BJ_0264,1室0厅,130.00408,东城,精装,55.18,,2.356
南,,有电梯,12,,BJ_0265,3室1厅,560.000256,东城,精装,91.36,,6.1296
南,,有电梯,6,,BJ_0266,1室1厅,580.001125,东城,精装,52.25,,11.1005
南,,有电梯,6,,BJ_0267,2室1厅,580.0069,东城,精装,73.0,,7.9453
南,,有电梯,24,,BJ_0268,2室1厅,390.001674,东城,精装,52.98,,7.3613
南,,有电梯,13,,BJ_0269,1室1厅,245.005722,东城,精装,63.18,,3.8779
南,,无电梯,4,,BJ_0270,1室1厅,275.00023999999996,东城,精装,56.15,,4.8976
南,,无电梯,3,,BJ_0271,1室1厅,863.0028,东城,精装,114.0,,7.5702
南,,有电梯,16,,BJ_0272,1室1厅,340.00276500000007,东城,精装,37.85,,8.9829
南,,无电梯,1,,BJ_0273,1室1厅,330.003156,东城,精装,36.12,,9.1363
南,,无电梯,2,,BJ_0274,1室1厅,150.003678,东城,精装,38.37,,3.9094
南,,无电梯,5,,BJ_0275,2室1厅,538.003264,东城,精装,59.68,,9.0148
南,,无电梯,2,,BJ_0276,3室2厅,1020.013632,东城,精装,146.52,,6.9616
南,,有电梯,10,,BJ_0277,2室1厅,550.004322,东城,精装,54.33,,10.1234
南,,有电梯,10,,BJ_0278,2室1厅,790.0032,东城,精装,128.0,,6.1719
南,,有电梯,12,,BJ_0279,1室1厅,240.00130000000001,丰台,精装,71.0,,3.3803
南,,有电梯,11,,BJ_0280,3室2厅,830.000776,丰台,精装,155.98,,5.3212
南,,有电梯,8,,BJ_0281,2室1厅,380.005998,丰台,精装,87.42,,4.3469
南,,有电梯,11,,BJ_0282,2室0厅,152.00212499999998,丰台,精装,53.25,,2.8545
南,,有电梯,11,,BJ_0283,3室1厅,565.009106,丰台,精装,165.94,,3.4049
南,,无电梯,3,,BJ_0284,2室2厅,420.00522200000006,丰台,精装,93.43,,4.4954
南,,无电梯,2,,BJ_0285,3室1厅,520.005035,丰台,精装,115.39,,4.5065
南,,有电梯,23,,BJ_0286,2室1厅,355.00404399999996,丰台,精装,90.13,,3.9388
南,,有电梯,24,,BJ_0287,3室1厅,251.00060700000003,丰台,精装,67.73,,3.7059
南,,有电梯,13,,BJ_0288,2室2厅,380.00386199999997,丰台,精装,88.41,,4.2982
南,,无电梯,3,,BJ_0289,1室1厅,320.000226,丰台,精装,74.66,,4.2861
南,,有电梯,24,,BJ_0290,2室2厅,450.00360000000006,丰台,精装,102.0,,4.4118
南,,有电梯,17,,BJ_0291,4室2厅,499.0095,丰台,精装,187.0,,2.6685
南,,有电梯,17,,BJ_0292,3室1厅,560.006163,丰台,精装,139.17,,4.0239
南,,无电梯,1,,BJ_0293,3室2厅,550.0119239999999,丰台,精装,143.64,,3.8291
南,,无电梯,5,,BJ_0294,3室1厅,430.0032,丰台,精装,128.0,,3.3594
南,,有电梯,6,,BJ_0295,2室1厅,315.0015,丰台,精装,85.0,,3.7059
南,,有电梯,16,,BJ_0296,2室2厅,225.0006,丰台,精装,66.0,,3.4091
南,,有电梯,11,,BJ_0297,1室1厅,290.00212700000003,丰台,精装,56.09,,5.1703
南,,有电梯,22,,BJ_0298,2室1厅,480.00678000000005,丰台,精装,101.31,,4.738
南,,有电梯,19,,BJ_0299,2室1厅,305.004448,丰台,精装,65.87,,4.6304
南,,有电梯,19,,BJ_0300,2室1厅,300.00793200000004,丰台,精装,82.23,,3.6484
南,,无电梯,2,,BJ_0301,2室2厅,600.0105800000001,丰台,精装,116.87,,5.134
南,,无电梯,3,,BJ_0302,2室2厅,500.0063999999999,丰台,精装,116.0,,4.3104
南,,有电梯,10,,BJ_0303,3室2厅,450.0054,丰台,精装,117.0,,3.8462
南,,有电梯,11,,BJ_0304,3室1厅,235.00400000000002,丰台,精装,98.0,,2.398
南,,有电梯,12,,BJ_0305,2室1厅,280.006044,丰台,精装,70.44,,3.9751
南,,无电梯,6,,BJ_0306,2室1厅,435.00462000000005,丰台,精装,93.64,,4.6455
南,,有电梯,12,,BJ_0307,2室1厅,315.00050999999996,丰台,精装,89.21,,3.531
南,,有电梯,9,,BJ_0308,3室2厅,475.00991999999997,丰台,精装,110.88,,4.284
南,,有电梯,23,,BJ_0309,2室1厅,460.0064,丰台,精装,112.0,,4.1072
南,,有电梯,12,,BJ_0310,2室1厅,200.000004,丰台,精装,71.22,,2.8082
南,,有电梯,13,,BJ_0311,2室2厅,280.00222899999994,丰台,精装,72.41,,3.8669
南,,有电梯,19,,BJ_0312,3室2厅,650.000235,丰台,精装,126.57,,5.1355
南,,有电梯,25,,BJ_0313,1室1厅,230.0027,丰台,精装,43.0,,5.3489
南,,无电梯,4,,BJ_0314,2室2厅,380.000942,丰台,精装,86.78,,4.3789
南,,有电梯,12,,BJ_0315,3室1厅,425.00605,丰台,精装,88.7,,4.7915
南,,无电梯,6,,BJ_0316,1室1厅,415.00102599999997,丰台,精装,83.27,,4.9838
南,,无电梯,3,,BJ_0317,3室3厅,780.0128000000001,丰台,精装,161.0,,4.8448
南,,有电梯,6,,BJ_0318,1室1厅,198.00191999999998,丰台,精装,38.4,,5.1563
南,,无电梯,4,,BJ_0319,3室2厅,788.007563,丰台,精装,103.39,,7.6217
南,,有电梯,10,,BJ_0320,1室1厅,340.004564,丰台,精装,68.71,,4.9484
南,,有电梯,10,,BJ_0321,2室2厅,500.01120000000003,丰台,精装,117.0,,4.2736
南,,无电梯,4,,BJ_0322,2室1厅,280.00574,丰台,精装,76.3,,3.6698
南,,有电梯,19,,BJ_0323,2室1厅,300.005667,丰台,精装,101.79,,2.9473
南,,有电梯,9,,BJ_0324,1室0厅,220.00305600000002,丰台,精装,43.26,,5.0856
南,,有电梯,19,,BJ_0325,2室1厅,510.00770400000005,丰台,精装,102.12,,4.9942
南,,有电梯,14,,BJ_0326,2室2厅,320.00553199999996,丰台,精装,99.88,,3.2039
南,,无电梯,6,,BJ_0327,2室1厅,473.0038,丰台,精装,106.0,,4.4623
南,,有电梯,11,,BJ_0328,3室1厅,350.011728,丰台,精装,118.64,,2.9502
南,,有电梯,8,,BJ_0329,3室2厅,425.00833200000005,丰台,精装,128.58,,3.3054
南,,无电梯,3,,BJ_0330,3室1厅,416.0,丰台,精装,104.0,,4.0
南,,有电梯,17,,BJ_0331,2室1厅,280.00129999999996,丰台,精装,63.55,,4.406
南,,有电梯,12,,BJ_0332,2室2厅,290.001921,丰台,精装,80.63,,3.5967
南,,有电梯,22,,BJ_0333,2室2厅,410.00751499999996,丰台,精装,99.35,,4.1269
南,,有电梯,18,,BJ_0334,3室2厅,610.0023299999999,丰台,精装,168.7,,3.6159
南,,有电梯,24,,BJ_0335,2室0厅,190.0038,丰台,精装,57.0,,3.3334
南,,无电梯,6,,BJ_0336,2室1厅,335.00045200000005,丰台,精装,80.09,,4.1828
南,,有电梯,25,,BJ_0337,2室1厅,260.0,丰台,精装,52.0,,5.0
南,,无电梯,4,,BJ_0338,2室1厅,420.001344,丰台,精装,90.16,,4.6584
南,,有电梯,24,,BJ_0339,2室1厅,455.00682299999994,丰台,精装,99.21,,4.5863
南,,有电梯,17,,BJ_0340,3室1厅,450.009,丰台,精装,105.0,,4.2858
南,,无电梯,5,,BJ_0341,3室1厅,488.005056,丰台,精装,110.88,,4.4012
南,,有电梯,24,,BJ_0342,3室1厅,520.005,丰台,精装,150.0,,3.4667
南,,有电梯,20,,BJ_0343,2室1厅,258.00325,丰台,精装,68.3,,3.7775
南,,有电梯,21,,BJ_0344,2室1厅,315.00665100000003,丰台,精装,83.43,,3.7757
南,,有电梯,9,,BJ_0345,3室2厅,560.003619,丰台,精装,158.97,,3.5227
南,,无电梯,2,,BJ_0346,2室2厅,350.003002,丰台,精装,93.19,,3.7558
南,,有电梯,13,,BJ_0347,1室1厅,185.0016,丰台,精装,48.0,,3.8542
南,,有电梯,12,,BJ_0348,2室1厅,280.003243,丰台,精装,92.17,,3.0379
南,,无电梯,5,,BJ_0349,1室1厅,198.00378,丰台,精装,41.4,,4.7827
南,,无电梯,5,,BJ_0350,2室1厅,335.00455999999997,丰台,精装,79.6,,4.2086
南,,无电梯,5,,BJ_0351,2室1厅,295.00370399999997,丰台,精装,75.21,,3.9224
南,,有电梯,9,,BJ_0352,1室1厅,290.00268,丰台,精装,59.4,,4.8822
南,,有电梯,12,,BJ_0353,2室1厅,360.001796,丰台,精装,79.94,,4.5034
南,,有电梯,11,,BJ_0354,2室2厅,470.00631999999996,丰台,精装,92.74,,5.068
南,,无电梯,1,,BJ_0355,4室1厅,650.004824,丰台,精装,147.02,,4.4212
南,,无电梯,3,,BJ_0356,2室1厅,465.0002,丰台,精装,98.0,,4.7449
南,,有电梯,11,,BJ_0357,2室2厅,720.010776,丰台,精装,131.48,,5.4762
南,,无电梯,1,,BJ_0358,2室1厅,420.00822400000004,丰台,精装,107.54,,3.9056
南,,有电梯,10,,BJ_0359,2室1厅,380.00555999999995,丰台,精装,110.3,,3.4452
南,,无电梯,1,,BJ_0360,2室1厅,390.002976,丰台,精装,88.22,,4.4208
南,,无电梯,3,,BJ_0361,1室1厅,205.00204900000003,丰台,精装,46.39,,4.4191
南,,有电梯,9,,BJ_0362,1室1厅,238.00350000000003,丰台,精装,57.0,,4.1755
南,,有电梯,22,,BJ_0363,1室0厅,196.000848,丰台,精装,42.78,,4.5816
南,,无电梯,2,,BJ_0364,2室1厅,230.00107999999997,丰台,精装,54.8,,4.1971
南,,有电梯,25,,BJ_0365,1室1厅,178.00113600000003,丰台,精装,39.84,,4.4679
南,,无电梯,5,,BJ_0366,1室1厅,225.00450299999997,丰台,精装,64.77,,3.4739
南,,有电梯,12,,BJ_0367,3室1厅,496.010487,丰台,精装,124.51,,3.9837
南,,无电梯,6,,BJ_0368,1室1厅,210.001,丰台,精装,56.15,,3.74
南,,有电梯,18,,BJ_0369,2室2厅,480.005414,丰台,精装,105.77,,4.5382
南,,无电梯,3,,BJ_0370,2室2厅,435.003657,丰台,精装,91.19,,4.7703
南,,有电梯,6,,BJ_0371,2室2厅,210.0,丰台,精装,56.0,,3.75
南,,有电梯,9,,BJ_0372,3室1厅,438.0079,丰台,精装,121.0,,3.6199
南,,有电梯,10,,BJ_0373,2室1厅,300.0088,丰台,精装,91.0,,3.2968
南,,无电梯,5,,BJ_0374,2室1厅,245.00400000000002,丰台,精装,68.0,,3.603
南,,无电梯,1,,BJ_0375,2室1厅,270.005724,丰台,精装,60.21,,4.4844
南,,有电梯,9,,BJ_0376,2室1厅,195.00480000000002,丰台,精装,54.0,,3.6112
南,,有电梯,21,,BJ_0377,3室1厅,280.0072,丰台,精装,88.0,,3.1819
南,,无电梯,4,,BJ_0378,2室1厅,330.001672,丰台,精装,89.32,,3.6946
南,,有电梯,9,,BJ_0379,2室1厅,540.008,丰台,精装,112.0,,4.8215
南,,有电梯,13,,BJ_0380,2室1厅,480.0048,丰台,精装,88.0,,5.4546
南,,有电梯,6,,BJ_0381,4室1厅,410.0094,丰台,精装,153.0,,2.6798
南,,有电梯,24,,BJ_0382,3室1厅,450.002763,丰台,精装,108.39,,4.1517
南,,有电梯,21,,BJ_0383,1室1厅,210.00289100000003,丰台,精装,46.39,,4.5269
南,,有电梯,23,,BJ_0384,1室1厅,160.001325,丰台,精装,54.45,,2.9385
南,,有电梯,25,,BJ_0385,2室1厅,335.00568,丰台,精装,76.2,,4.3964
南,,有电梯,18,,BJ_0386,3室2厅,882.0013019999999,丰台,精装,147.14,,5.9943
南,,有电梯,10,,BJ_0387,2室2厅,410.00579999999997,丰台,精装,81.0,,5.0618
南,,有电梯,9,,BJ_0388,2室1厅,390.00789999999995,丰台,精装,97.0,,4.0207
南,,无电梯,6,,BJ_0389,2室1厅,450.00038200000006,丰台,精装,124.54,,3.6133
南,,有电梯,8,,BJ_0390,1室1厅,320.003712,丰台,精装,70.56,,4.5352
南,,无电梯,3,,BJ_0391,3室2厅,920.003088,丰台,精装,167.52,,5.4919
南,,有电梯,18,,BJ_0392,1室1厅,285.003158,丰台,精装,71.39,,3.9922
南,,有电梯,16,,BJ_0393,2室1厅,255.00092800000004,丰台,精装,69.68,,3.6596
南,,无电梯,4,,BJ_0394,3室1厅,465.0048,丰台,精装,81.0,,5.7408
南,,有电梯,12,,BJ_0395,1室1厅,196.00371600000003,丰台,精装,46.77,,4.1908
南,,有电梯,19,,BJ_0396,2室1厅,410.00282699999997,丰台,精装,93.21,,4.3987
南,,有电梯,12,,BJ_0397,3室2厅,528.0,丰台,精装,125.0,,4.224
南,,有电梯,25,,BJ_0398,3室1厅,655.0034,丰台,精装,193.0,,3.3938
南,,无电梯,1,,BJ_0399,2室1厅,285.002224,丰台,精装,66.04,,4.3156
南,,无电梯,6,,BJ_0400,1室0厅,340.00423199999994,丰台,精装,51.12,,6.6511
南,,有电梯,10,,BJ_0401,2室1厅,360.00288,丰台,精装,91.2,,3.9474
南,,有电梯,9,,BJ_0402,2室1厅,390.0072,丰台,精装,79.0,,4.9368
南,,有电梯,20,,BJ_0403,4室1厅,635.014107,丰台,精装,152.49,,4.1643
南,,有电梯,21,,BJ_0404,2室1厅,392.009304,丰台,精装,93.36,,4.1989
南,,无电梯,4,,BJ_0405,2室1厅,330.006438,丰台,精装,75.21,,4.3878
南,,有电梯,9,,BJ_0406,2室1厅,320.0037,丰台,精装,93.0,,3.4409
南,,有电梯,6,,BJ_0407,2室1厅,380.002602,丰台,精装,92.67,,4.1006
南,,有电梯,8,,BJ_0408,3室2厅,598.0106000000001,丰台,精装,125.95,,4.748
南,,有电梯,21,,BJ_0409,2室1厅,365.008018,丰台,精装,86.62,,4.2139
南,,有电梯,9,,BJ_0410,1室0厅,255.00521999999998,丰台,精装,56.3,,4.5294
南,,有电梯,11,,BJ_0411,3室2厅,600.005292,丰台,精装,118.78,,5.0514
南,,有电梯,11,,BJ_0412,2室1厅,390.00594,丰台,精装,100.04,,3.8985
南,,有电梯,22,,BJ_0413,3室2厅,545.008,丰台,精装,115.0,,4.7392
南,,有电梯,8,,BJ_0414,2室1厅,335.00384999999994,丰台,精装,68.55,,4.887
南,,有电梯,7,,BJ_0415,2室1厅,390.003862,丰台,精装,100.06,,3.8977
南,,无电梯,5,,BJ_0416,1室1厅,220.00370800000002,丰台,精装,51.32,,4.2869
南,,无电梯,1,,BJ_0417,3室1厅,360.00113799999997,丰台,精装,86.03,,4.1846
南,,有电梯,10,,BJ_0418,2室1厅,286.001404,丰台,精装,78.91,,3.6244
南,,有电梯,22,,BJ_0419,2室1厅,320.005,丰台,精装,70.0,,4.5715
南,,无电梯,2,,BJ_0420,2室1厅,390.003536,丰台,精装,57.56,,6.7756
南,,有电梯,17,,BJ_0421,3室1厅,380.00277,丰台,精装,77.1,,4.9287
南,,无电梯,4,,BJ_0422,2室1厅,400.000054,丰台,精装,104.66,,3.8219
南,,有电梯,24,,BJ_0423,1室1厅,252.00406800000002,丰台,精装,58.02,,4.3434
南,,有电梯,11,,BJ_0424,2室1厅,320.0064,丰台,精装,84.0,,3.8096
南,,无电梯,6,,BJ_0425,2室1厅,265.0011,丰台,精装,51.0,,5.1961
南,,有电梯,12,,BJ_0426,2室1厅,439.00426,海淀,精装,62.9,,6.9794
南,,有电梯,18,,BJ_0427,3室1厅,420.0,海淀,精装,96.0,,4.375
南,,有电梯,12,,BJ_0428,3室2厅,815.0031449999999,海淀,精装,131.45,,6.2001
南,,有电梯,7,,BJ_0429,2室1厅,338.00455,海淀,精装,52.9,,6.3895
南,,有电梯,22,,BJ_0430,4室1厅,1300.0009,海淀,精装,209.0,,6.2201
南,,无电梯,3,,BJ_0431,2室1厅,300.0037,海淀,精装,56.5,,5.3098
南,,无电梯,1,,BJ_0432,2室1厅,680.001089,海淀,精装,108.11,,6.2899
南,,无电梯,3,,BJ_0433,3室2厅,600.0074999999999,海淀,精装,135.0,,4.4445
南,,无电梯,1,,BJ_0434,2室1厅,570.00512,海淀,精装,76.4,,7.4608
南,,无电梯,4,,BJ_0435,3室2厅,1400.0126579999999,海淀,精装,194.43,,7.2006
南,,有电梯,19,,BJ_0436,2室1厅,358.00455600000004,海淀,精装,61.32,,5.8383
南,,有电梯,16,,BJ_0437,3室1厅,363.00545,海淀,精装,69.5,,5.2231
南,,无电梯,5,,BJ_0438,2室1厅,390.00194999999997,海淀,精装,58.5,,6.6667
南,,有电梯,12,,BJ_0439,2室1厅,420.002592,海淀,精装,56.64,,7.4153
南,,无电梯,2,,BJ_0440,2室1厅,630.0,海淀,精装,60.0,,10.5
南,,有电梯,19,,BJ_0441,3室2厅,1390.006019,海淀,精装,144.19,,9.6401
南,,有电梯,19,,BJ_0442,3室2厅,695.0,海淀,精装,125.0,,5.56
南,,有电梯,23,,BJ_0443,2室1厅,410.002,海淀,精装,58.0,,7.069
南,,无电梯,6,,BJ_0444,2室1厅,395.001842,海淀,精装,92.06,,4.2907
南,,无电梯,2,,BJ_0445,3室2厅,1000.011897,海淀,精装,154.23,,6.4839
南,,有电梯,16,,BJ_0446,2室1厅,540.0045359999999,海淀,精装,90.69,,5.9544
南,,无电梯,3,,BJ_0447,2室1厅,470.002923,海淀,精装,78.39,,5.9957
南,,无电梯,5,,BJ_0448,3室1厅,540.0,海淀,精装,62.5,,8.64
南,,无电梯,3,,BJ_0449,4室2厅,1500.012,海淀,精装,172.0,,8.721
南,,无电梯,1,,BJ_0450,2室1厅,530.0005,海淀,精装,85.0,,6.2353
南,,有电梯,12,,BJ_0451,1室1厅,350.0002,海淀,精装,46.0,,7.6087
南,,无电梯,4,,BJ_0452,2室1厅,445.00137600000005,海淀,精装,61.14,,7.2784
南,,有电梯,21,,BJ_0453,2室1厅,500.00246999999996,海淀,精装,56.1,,8.9127
南,,有电梯,14,,BJ_0454,2室1厅,345.00019999999995,海淀,精装,50.9,,6.778
南,,有电梯,12,,BJ_0455,3室2厅,1150.010288,海淀,精装,170.14,,6.7592
南,,无电梯,3,,BJ_0456,2室1厅,590.002356,海淀,精装,90.14,,6.5454
南,,有电梯,11,,BJ_0457,2室1厅,465.00728399999997,海淀,精装,88.83,,5.2348
南,,有电梯,16,,BJ_0458,3室2厅,660.0096,海淀,精装,108.0,,6.1112
南,,有电梯,11,,BJ_0459,3室2厅,1300.012322,海淀,精装,172.34,,7.5433
南,,有电梯,9,,BJ_0460,3室2厅,720.0096159999999,海淀,精装,145.48,,4.9492
南,,有电梯,6,,BJ_0461,3室1厅,920.0,海淀,精装,128.0,,7.1875
南,,有电梯,12,,BJ_0462,1室1厅,370.00296000000003,海淀,精装,51.6,,7.1706
南,,有电梯,7,,BJ_0463,2室1厅,660.000384,海淀,精装,85.76,,7.6959
南,,有电梯,7,,BJ_0464,3室2厅,805.000716,海淀,精装,102.42,,7.8598
南,,无电梯,2,,BJ_0465,1室1厅,230.00014000000002,海淀,精装,38.9,,5.9126
南,,有电梯,16,,BJ_0466,2室1厅,315.0,海淀,精装,60.0,,5.25
南,,有电梯,16,,BJ_0467,2室2厅,420.0,海淀,精装,100.0,,4.2
南,,有电梯,11,,BJ_0468,2室1厅,680.0061840000001,海淀,精装,90.22,,7.5372
南,,有电梯,9,,BJ_0469,3室2厅,830.002383,海淀,精装,121.17,,6.8499
南,,有电梯,12,,BJ_0470,3室2厅,1300.005,海淀,精装,126.0,,10.3175
南,,无电梯,1,,BJ_0471,2室1厅,608.0008799999999,海淀,精装,53.6,,11.3433
南,,有电梯,12,,BJ_0472,1室1厅,436.00172,海淀,精装,48.4,,9.0083
南,,无电梯,6,,BJ_0473,2室1厅,320.00183999999996,海淀,精装,55.8,,5.7348
南,,有电梯,10,,BJ_0474,1室1厅,465.00156999999996,海淀,精装,47.3,,9.8309
南,,有电梯,9,,BJ_0475,3室2厅,840.0105,海淀,精装,135.0,,6.2223
南,,有电梯,12,,BJ_0476,1室1厅,255.00336000000001,海淀,精装,55.52,,4.593
南,,有电梯,12,,BJ_0477,2室1厅,490.00289000000004,海淀,精装,61.7,,7.9417
南,,无电梯,5,,BJ_0478,3室2厅,1020.008046,海淀,精装,167.77,,6.0798
南,,有电梯,22,,BJ_0479,2室1厅,465.0,海淀,精装,62.0,,7.5
南,,无电梯,5,,BJ_0480,1室0厅,380.00052,海淀,精装,42.6,,8.9202
南,,无电梯,4,,BJ_0481,2室1厅,435.0045,海淀,精装,52.5,,8.2858
南,,有电梯,25,,BJ_0482,1室1厅,260.0,海淀,精装,40.0,,6.5
南,,有电梯,8,,BJ_0483,4室2厅,1533.0036,海淀,精装,213.0,,7.1972
南,,无电梯,4,,BJ_0484,2室1厅,540.0009,海淀,精装,57.0,,9.4737
南,,无电梯,3,,BJ_0485,2室1厅,465.00147999999996,海淀,精装,60.4,,7.6987
南,,有电梯,10,,BJ_0486,2室2厅,688.006121,海淀,精装,92.51,,7.4371
南,,无电梯,3,,BJ_0487,4室2厅,1600.0095,海淀,精装,185.0,,8.6487
南,,无电梯,1,,BJ_0488,1室0厅,364.0,海淀,精装,52.0,,7.0
南,,有电梯,6,,BJ_0489,3室2厅,1350.01516,海淀,精装,174.2,,7.7498
南,,有电梯,15,,BJ_0490,4室2厅,1000.0084250000001,海淀,精装,192.55,,5.1935
南,,无电梯,5,,BJ_0491,1室1厅,555.0029999999999,海淀,精装,45.0,,12.3334
南,,有电梯,9,,BJ_0492,2室2厅,730.0020000000001,海淀,精装,91.0,,8.022
南,,有电梯,8,,BJ_0493,2室1厅,488.0004,海淀,精装,87.0,,5.6092
南,,有电梯,7,,BJ_0494,3室2厅,768.01029,海淀,精装,127.81,,6.009
南,,有电梯,12,,BJ_0495,2室1厅,492.001092,海淀,精装,54.78,,8.9814
南,,有电梯,12,,BJ_0496,4室1厅,1000.00524,海淀,精装,141.7,,7.0572
南,,有电梯,24,,BJ_0497,2室1厅,628.00608,海淀,精装,62.4,,10.0642
南,,无电梯,5,,BJ_0498,3室2厅,1600.0044869999997,海淀,精装,156.57,,10.2191
南,,无电梯,3,,BJ_0499,2室2厅,820.0053000000001,海淀,精装,93.4,,8.7795
南,,无电梯,4,,BJ_0500,3室0厅,430.004269,海淀,精装,60.31,,7.1299
南,,有电梯,25,,BJ_0501,3室1厅,465.0061,海淀,精装,68.9,,6.749
南,,有电梯,6,,BJ_0502,4室1厅,565.0006999999999,海淀,精装,173.0,,3.2659
南,,有电梯,23,,BJ_0503,4室2厅,1700.0064,海淀,精装,216.0,,7.8704
南,,有电梯,19,,BJ_0504,3室1厅,435.003,海淀,精装,83.0,,5.241
南,,有电梯,19,,BJ_0505,2室0厅,315.00185999999997,海淀,精装,51.9,,6.0694
南,,有电梯,16,,BJ_0506,3室2厅,720.0060840000001,海淀,精装,144.18,,4.9938
南,,无电梯,3,,BJ_0507,2室1厅,450.00228,海淀,精装,58.8,,7.6531
南,,无电梯,2,,BJ_0508,2室1厅,420.00093000000004,海淀,精装,62.1,,6.7633
南,,无电梯,2,,BJ_0509,3室1厅,1380.011907,海淀,精装,160.97,,8.5731
南,,有电梯,9,,BJ_0510,1室1厅,360.00703999999996,海淀,精装,73.6,,4.8914
南,,有电梯,16,,BJ_0511,4室2厅,550.0112,海淀,精装,136.0,,4.0442
南,,无电梯,1,,BJ_0512,2室1厅,400.00285999999994,海淀,精装,69.8,,5.7307
南,,无电梯,5,,BJ_0513,2室2厅,1050.0072,海淀,精装,132.0,,7.9546
南,,有电梯,15,,BJ_0514,1室1厅,245.00001999999998,海淀,精装,56.9,,4.3058
南,,有电梯,10,,BJ_0515,3室1厅,480.00100000000003,海淀,精装,74.0,,6.4865
南,,无电梯,4,,BJ_0516,2室1厅,550.0023679999999,海淀,精装,64.64,,8.5087
南,,有电梯,11,,BJ_0517,3室1厅,568.0073110000001,海淀,精装,123.73,,4.5907
南,,有电梯,14,,BJ_0518,4室2厅,1100.007824,海淀,精装,232.03,,4.7408
南,,有电梯,18,,BJ_0519,2室1厅,440.0008,海淀,精装,68.0,,6.4706
南,,无电梯,4,,BJ_0520,2室1厅,675.00926,海淀,精装,110.65,,6.1004
南,,有电梯,25,,BJ_0521,2室2厅,1060.009095,海淀,精装,100.91,,10.5045
南,,无电梯,2,,BJ_0522,2室2厅,480.00698,海淀,精装,90.67,,5.294
南,,有电梯,14,,BJ_0523,4室2厅,515.007882,海淀,精装,123.94,,4.1553
南,,无电梯,4,,BJ_0524,5室2厅,650.001888,海淀,精装,190.46,,3.4128
南,,无电梯,1,,BJ_0525,1室1厅,332.0037,海淀,精装,63.0,,5.2699
南,,有电梯,15,,BJ_0526,2室2厅,590.0121009999999,海淀,精装,149.17,,3.9553
南,,无电梯,3,,BJ_0527,2室2厅,490.00691600000005,海淀,精装,99.26,,4.9366
南,,有电梯,7,,BJ_0528,2室2厅,490.00078399999995,海淀,精装,101.92,,4.8077
南,,无电梯,4,,BJ_0529,3室2厅,1100.001,海淀,精装,147.0,,7.483
南,,无电梯,6,,BJ_0530,3室1厅,665.000018,海淀,精装,82.54,,8.0567
南,,有电梯,15,,BJ_0531,2室1厅,480.007038,海淀,精装,91.14,,5.2667
南,,有电梯,10,,BJ_0532,3室2厅,730.0128,海淀,精装,132.0,,5.5304
南,,有电梯,25,,BJ_0533,2室1厅,545.0055480000001,海淀,精装,85.62,,6.3654
南,,有电梯,8,,BJ_0534,2室1厅,290.00280000000004,海淀,精装,67.0,,4.3284
南,,无电梯,1,,BJ_0535,3室2厅,950.0086259999999,海淀,精装,127.26,,7.4651
南,,有电梯,12,,BJ_0536,2室1厅,395.00292,海淀,精装,59.8,,6.6054
南,,有电梯,10,,BJ_0537,3室1厅,590.0087,海淀,精装,107.0,,5.5141
南,,有电梯,11,,BJ_0538,1室1厅,370.0004,海淀,精装,44.0,,8.4091
南,,有电梯,7,,BJ_0539,1室0厅,365.005332,海淀,精装,56.04,,6.5133
南,,无电梯,1,,BJ_0540,2室1厅,460.0064,海淀,精装,68.0,,6.7648
南,,有电梯,18,,BJ_0541,4室1厅,930.00915,海淀,精装,119.7,,7.7695
南,,有电梯,8,,BJ_0542,2室1厅,630.0036200000001,海淀,精装,58.7,,10.7326
南,,有电梯,11,,BJ_0543,1室1厅,340.001595,海淀,精装,48.15,,7.0613
南,,有电梯,7,,BJ_0544,3室1厅,520.0043,海淀,精装,70.6,,7.3655
南,,有电梯,25,,BJ_0545,1室1厅,320.001465,海淀,精装,52.85,,6.0549
南,,有电梯,12,,BJ_0546,3室1厅,1050.0072,海淀,精装,88.0,,11.9319
南,,无电梯,2,,BJ_0547,1室2厅,458.002949,海淀,精装,68.27,,6.7087
南,,无电梯,2,,BJ_0548,1室1厅,260.00143399999996,海淀,精装,45.22,,5.7497
南,,有电梯,23,,BJ_0549,2室2厅,469.00044800000006,海淀,精装,100.48,,4.6676
南,,有电梯,19,,BJ_0550,1室1厅,328.00156400000003,海淀,精装,60.28,,5.4413
南,,无电梯,1,,BJ_0551,2室1厅,465.00730500000003,海淀,精装,90.65,,5.1297
南,,有电梯,10,,BJ_0552,1室1厅,370.000692,海淀,精装,76.77,,4.8196
南,,有电梯,10,,BJ_0553,3室1厅,650.0015999999999,海淀,精装,72.0,,9.0278
南,,有电梯,9,,BJ_0554,1室1厅,350.00136,海淀,精装,40.4,,8.6634
南,,无电梯,4,,BJ_0555,1室0厅,255.00300000000001,海淀,精装,42.0,,6.0715
南,,有电梯,25,,BJ_0556,3室1厅,630.0018,海淀,精装,81.0,,7.7778
南,,有电梯,8,,BJ_0557,2室2厅,848.000398,海淀,精装,105.77,,8.0174
南,,有电梯,18,,BJ_0558,2室1厅,497.00789999999995,海淀,精装,101.7,,4.887
南,,有电梯,21,,BJ_0559,2室1厅,880.0002,海淀,精装,114.0,,7.7193
南,,有电梯,25,,BJ_0560,3室1厅,370.0,海淀,精装,62.5,,5.92
南,,有电梯,24,,BJ_0561,2室1厅,530.0064,海淀,精装,84.0,,6.3096
南,,有电梯,22,,BJ_0562,1室1厅,360.00036,海淀,精装,40.4,,8.9109
南,,有电梯,14,,BJ_0563,2室2厅,620.000754,海淀,精装,112.26,,5.5229
南,,有电梯,12,,BJ_0564,2室1厅,430.00363999999996,海淀,精装,86.6,,4.9654
南,,有电梯,13,,BJ_0565,2室1厅,500.008148,海淀,精装,81.61,,6.1268
南,,无电梯,6,,BJ_0566,3室2厅,750.00702,海淀,精装,140.28,,5.3465
南,,有电梯,16,,BJ_0567,3室1厅,800.0062079999999,海淀,精装,80.49,,9.9392
南,,有电梯,10,,BJ_0568,2室1厅,440.00239999999997,海淀,精装,67.0,,6.5672
南,,无电梯,2,,BJ_0569,2室1厅,705.0097599999999,海淀,精装,118.1,,5.9696
南,,无电梯,3,,BJ_0570,2室1厅,430.000074,海淀,精装,64.89,,6.6266
南,,有电梯,11,,BJ_0571,1室1厅,190.00000799999998,石景山,精装,46.32,,4.1019
南,,有电梯,15,,BJ_0572,3室2厅,915.0040799999999,石景山,精装,118.77,,7.704
南,,有电梯,23,,BJ_0573,2室2厅,350.0046,石景山,精装,99.0,,3.5354
南,,无电梯,5,,BJ_0574,2室1厅,245.00433999999998,石景山,精装,79.1,,3.0974
南,,有电梯,23,,BJ_0575,2室1厅,205.00506,石景山,精装,66.69,,3.074
南,,有电梯,20,,BJ_0576,1室1厅,240.00250999999997,石景山,精装,54.41,,4.411
南,,有电梯,16,,BJ_0577,2室1厅,225.0024,石景山,精装,59.0,,3.8136
南,,无电梯,5,,BJ_0578,2室1厅,188.004492,石景山,精装,55.03,,3.4164
南,,有电梯,7,,BJ_0579,1室1厅,125.00201999999999,石景山,精装,66.3,,1.8854
南,,有电梯,11,,BJ_0580,2室1厅,638.0054,石景山,精装,89.0,,7.1686
南,,无电梯,4,,BJ_0581,3室2厅,950.0083999999999,石景山,精装,142.0,,6.6902
南,,有电梯,10,,BJ_0582,2室1厅,210.0042,石景山,精装,58.8,,3.5715
南,,无电梯,3,,BJ_0583,1室1厅,225.00125400000002,石景山,精装,61.34,,3.6681
南,,有电梯,10,,BJ_0584,2室1厅,205.004925,石景山,精装,50.25,,4.0797
南,,无电梯,3,,BJ_0585,3室1厅,365.00481999999994,石景山,精装,89.3,,4.0874
南,,有电梯,15,,BJ_0586,3室1厅,360.00300000000004,石景山,精装,79.0,,4.557
南,,无电梯,4,,BJ_0587,3室2厅,580.0013899999999,石景山,精装,120.22,,4.8245
南,,无电梯,5,,BJ_0588,1室1厅,225.00396800000001,石景山,精装,55.96,,4.0208
南,,有电梯,11,,BJ_0589,1室1厅,236.00254999999999,石景山,精装,62.65,,3.767
南,,无电梯,4,,BJ_0590,3室1厅,450.011328,石景山,精装,120.64,,3.7302
南,,有电梯,17,,BJ_0591,1室1厅,249.00036,石景山,精装,66.64,,3.7365
南,,有电梯,12,,BJ_0592,2室2厅,560.0052479999999,石景山,精装,102.52,,5.4624
南,,有电梯,13,,BJ_0593,2室1厅,240.00480000000002,石景山,精装,63.0,,3.8096
南,,有电梯,12,,BJ_0594,2室1厅,200.00140000000002,石景山,精装,58.0,,3.4483
南,,无电梯,5,,BJ_0595,2室1厅,315.0016,石景山,精装,64.0,,4.9219
南,,有电梯,18,,BJ_0596,1室1厅,243.003642,石景山,精装,65.86,,3.6897
南,,有电梯,11,,BJ_0597,2室1厅,290.001585,石景山,精装,90.47,,3.2055
南,,有电梯,15,,BJ_0598,3室2厅,750.002721,石景山,精装,147.81,,5.0741
南,,无电梯,2,,BJ_0599,2室2厅,410.0004,石景山,精装,108.0,,3.7963
南,,有电梯,7,,BJ_0600,3室2厅,750.0074999999999,石景山,精装,165.0,,4.5455
南,,有电梯,10,,BJ_0601,2室1厅,430.002,石景山,精装,108.0,,3.9815
南,,有电梯,11,,BJ_0602,2室0厅,160.000463,石景山,精装,43.43,,3.6841
南,,有电梯,25,,BJ_0603,2室1厅,170.00500000000002,石景山,精装,55.0,,3.091
南,,无电梯,6,,BJ_0604,2室1厅,265.00669,石景山,精装,68.38,,3.8755
南,,有电梯,10,,BJ_0605,2室0厅,170.002756,石景山,精装,54.38,,3.1262
南,,有电梯,14,,BJ_0606,3室2厅,810.0097200000001,石景山,精装,140.4,,5.7693
南,,无电梯,4,,BJ_0607,3室2厅,760.0047,石景山,精装,147.0,,5.1701
南,,有电梯,19,,BJ_0608,2室1厅,330.00094,石景山,精装,97.4,,3.3881
南,,有电梯,18,,BJ_0609,1室1厅,280.0008,石景山,精装,58.0,,4.8276
南,,有电梯,22,,BJ_0610,1室1厅,230.0022,石景山,精装,54.0,,4.2593
南,,无电梯,3,,BJ_0611,2室1厅,280.0044,石景山,精装,78.0,,3.5898
南,,有电梯,10,,BJ_0612,2室1厅,235.001,石景山,精装,65.0,,3.6154
南,,有电梯,6,,BJ_0613,3室1厅,262.002,石景山,精装,65.0,,4.0308
南,,有电梯,11,,BJ_0614,1室1厅,229.00148,石景山,精装,38.8,,5.9021
南,,无电梯,5,,BJ_0615,2室1厅,128.00050000000002,石景山,精装,59.0,,2.1695
南,,有电梯,17,,BJ_0616,3室1厅,300.0008,石景山,精装,88.0,,3.4091
南,,有电梯,13,,BJ_0617,2室1厅,195.00399199999998,石景山,精装,50.36,,3.8722
南,,有电梯,20,,BJ_0618,2室1厅,253.005456,石景山,精装,76.78,,3.2952
南,,有电梯,10,,BJ_0619,2室1厅,220.0008,石景山,精装,62.0,,3.5484
南,,有电梯,9,,BJ_0620,2室0厅,198.001557,石景山,精装,52.83,,3.7479
南,,有电梯,23,,BJ_0621,2室2厅,580.006479,石景山,精装,116.61,,4.9739
南,,有电梯,21,,BJ_0622,2室1厅,266.00250600000004,石景山,精装,61.38,,4.3337
南,,有电梯,10,,BJ_0623,4室2厅,565.004979,石景山,精装,185.57,,3.0447
南,,无电梯,3,,BJ_0624,4室2厅,1500.004792,石景山,精装,194.48,,7.7129
南,,有电梯,8,,BJ_0625,2室1厅,240.00282,石景山,精装,56.45,,4.2516
南,,无电梯,1,,BJ_0626,2室2厅,360.004996,石景山,精装,72.28,,4.9807
南,,有电梯,19,,BJ_0627,2室1厅,230.00502400000002,石景山,精装,58.46,,3.9344
南,,有电梯,10,,BJ_0628,1室1厅,288.000258,石景山,精装,62.14,,4.6347
南,,无电梯,6,,BJ_0629,2室1厅,235.00589200000002,石景山,精装,59.56,,3.9457
南,,有电梯,6,,BJ_0630,2室1厅,200.00070000000002,石景山,精装,61.0,,3.2787
南,,有电梯,12,,BJ_0631,3室2厅,646.008558,石景山,精装,115.19,,5.6082
南,,有电梯,22,,BJ_0632,3室0厅,170.004909,石景山,精装,62.67,,2.7127
南,,无电梯,6,,BJ_0633,1室1厅,125.0,石景山,精装,40.0,,3.125
南,,有电梯,12,,BJ_0634,2室1厅,220.00576,石景山,精装,83.2,,2.6443
南,,无电梯,5,,BJ_0635,1室1厅,300.0041,石景山,精装,61.0,,4.9181
南,,有电梯,12,,BJ_0636,2室2厅,658.000356,石景山,精装,88.14,,7.4654
南,,有电梯,10,,BJ_0637,1室1厅,270.0008,石景山,精装,68.0,,3.9706
南,,有电梯,8,,BJ_0638,2室2厅,630.006799,石景山,精装,88.93,,7.0843
南,,有电梯,12,,BJ_0639,2室1厅,350.005588,石景山,精装,90.38,,3.8726
南,,有电梯,16,,BJ_0640,1室1厅,215.00404799999998,石景山,精装,69.24,,3.1052
南,,有电梯,15,,BJ_0641,1室0厅,115.00283899999998,石景山,精装,41.23,,2.7893
南,,有电梯,17,,BJ_0642,2室1厅,132.0,石景山,精装,55.0,,2.4
南,,有电梯,12,,BJ_0643,3室2厅,670.0,石景山,精装,134.0,,5.0
南,,有电梯,8,,BJ_0644,1室0厅,305.005784,石景山,精装,59.66,,5.1124
南,,有电梯,25,,BJ_0645,2室1厅,176.001795,石景山,精装,58.05,,3.0319
南,,有电梯,11,,BJ_0646,1室1厅,230.00603999999998,石景山,精装,64.14,,3.586
南,,有电梯,8,,BJ_0647,2室0厅,152.003712,石景山,精装,54.04,,2.8128
南,,有电梯,7,,BJ_0648,3室2厅,950.0153520000001,石景山,精装,163.02,,5.8276
南,,有电梯,14,,BJ_0649,3室2厅,900.0044,石景山,精装,181.0,,4.9724
南,,有电梯,6,,BJ_0650,1室1厅,200.001312,石景山,精装,40.88,,4.8924
南,,无电梯,3,,BJ_0651,2室1厅,177.0,石景山,精装,59.0,,3.0
南,,有电梯,6,,BJ_0652,2室1厅,210.004368,石景山,精装,59.64,,3.5212
南,,有电梯,13,,BJ_0653,3室2厅,868.0027080000001,石景山,精装,145.02,,5.9854
南,,有电梯,12,,BJ_0654,2室1厅,177.003072,石景山,精装,58.44,,3.0288
南,,有电梯,13,,BJ_0655,3室1厅,200.0016,石景山,精装,57.0,,3.5088
南,,有电梯,8,,BJ_0656,2室2厅,465.00079999999997,石景山,精装,88.0,,5.2841
南,,无电梯,2,,BJ_0657,3室2厅,1000.0116,石景山,精装,147.0,,6.8028
南,,有电梯,11,,BJ_0658,3室0厅,180.00264,石景山,精装,57.18,,3.148
南,,有电梯,9,,BJ_0659,3室1厅,490.0016,石景山,精装,121.0,,4.0496
南,,有电梯,12,,BJ_0660,2室1厅,510.00135900000004,石景山,精装,100.59,,5.0701
南,,有电梯,6,,BJ_0661,3室1厅,210.00422999999998,石景山,精装,62.9,,3.3387
南,,有电梯,7,,BJ_0662,3室1厅,270.006635,石景山,精装,85.73,,3.1495
南,,有电梯,11,,BJ_0663,2室1厅,300.003,石景山,精装,66.0,,4.5455
南,,有电梯,7,,BJ_0664,1室1厅,185.000244,石景山,精装,55.77,,3.3172
南,,有电梯,10,,BJ_0665,2室1厅,260.005647,石景山,精装,76.47,,3.4001
南,,有电梯,25,,BJ_0666,2室2厅,460.00239999999997,石景山,精装,88.0,,5.2273
南,,有电梯,22,,BJ_0667,3室1厅,375.0081,石景山,精装,83.4,,4.4965
南,,有电梯,21,,BJ_0668,2室1厅,499.0059,西城,精装,63.73,,7.83
南,,有电梯,23,,BJ_0669,2室1厅,530.004103,西城,精装,75.41,,7.0283
南,,有电梯,8,,BJ_0670,1室1厅,278.00072300000005,西城,精装,42.77,,6.4999
南,,有电梯,6,,BJ_0671,2室1厅,1210.0065299999999,西城,精装,89.66,,13.4955
南,,有电梯,25,,BJ_0672,3室2厅,958.0028520000001,西城,精装,120.18,,7.9714
南,,无电梯,3,,BJ_0673,2室1厅,675.00342,西城,精装,54.6,,12.3627
南,,有电梯,13,,BJ_0674,2室1厅,455.001966,西城,精装,62.99,,7.2234
南,,有电梯,12,,BJ_0675,3室2厅,860.0034800000001,西城,精装,134.3,,6.4036
南,,有电梯,6,,BJ_0676,1室1厅,310.001904,西城,精装,38.88,,7.9733
南,,无电梯,5,,BJ_0677,2室1厅,620.00409,西城,精装,53.7,,11.5457
南,,无电梯,6,,BJ_0678,1室1厅,473.004,西城,精装,42.0,,11.262
南,,有电梯,21,,BJ_0679,4室2厅,900.0140580000001,西城,精装,143.97,,6.2514
南,,有电梯,25,,BJ_0680,1室0厅,375.00379999999996,西城,精装,60.29,,6.22
南,,有电梯,21,,BJ_0681,3室1厅,580.0051219999999,西城,精装,81.19,,7.1438
南,,无电梯,2,,BJ_0682,2室1厅,650.0056600000001,西城,精装,68.65,,9.4684
南,,有电梯,9,,BJ_0683,2室1厅,720.004402,西城,精装,130.81,,5.5042
南,,有电梯,17,,BJ_0684,2室1厅,540.0016,西城,精装,54.4,,9.9265
南,,有电梯,7,,BJ_0685,2室2厅,1410.0086000000001,西城,精装,143.0,,9.8602
南,,无电梯,6,,BJ_0686,1室1厅,438.002544,西城,精装,91.04,,4.8111
南,,有电梯,24,,BJ_0687,1室1厅,430.0,西城,精装,43.0,,10.0
南,,有电梯,12,,BJ_0688,2室1厅,665.00247,西城,精装,73.7,,9.0231
南,,有电梯,9,,BJ_0689,2室0厅,497.00469,西城,精装,66.3,,7.4963
南,,有电梯,7,,BJ_0690,2室1厅,455.0,西城,精装,62.5,,7.28
南,,无电梯,5,,BJ_0691,2室1厅,530.00034,西城,精装,53.4,,9.9251
南,,无电梯,4,,BJ_0692,3室1厅,800.0030399999999,西城,精装,88.7,,9.0192
南,,有电梯,10,,BJ_0693,2室2厅,648.003834,西城,精装,90.54,,7.1571
南,,有电梯,8,,BJ_0694,1室1厅,355.0008,西城,精装,34.0,,10.4412
南,,有电梯,18,,BJ_0695,2室1厅,588.00365,西城,精装,63.5,,9.2599
南,,有电梯,7,,BJ_0696,2室2厅,469.004886,西城,精装,62.77,,7.4718
南,,有电梯,19,,BJ_0697,3室1厅,743.0036319999999,西城,精装,86.96,,8.5442
南,,有电梯,8,,BJ_0698,2室1厅,550.00139,西城,精装,58.7,,9.3697
南,,无电梯,2,,BJ_0699,2室1厅,385.00259600000004,西城,精装,61.82,,6.2278
南,,有电梯,11,,BJ_0700,2室1厅,450.0031,西城,精装,61.0,,7.3771
南,,有电梯,10,,BJ_0701,2室1厅,580.0,西城,精装,64.0,,9.0625
南,,有电梯,15,,BJ_0702,2室1厅,365.001336,西城,精装,44.43,,8.2152
南,,有电梯,10,,BJ_0703,2室1厅,550.0056000000001,西城,精装,60.6,,9.076
南,,有电梯,8,,BJ_0704,1室1厅,380.00023600000003,西城,精装,54.67,,6.9508
南,,有电梯,14,,BJ_0705,2室1厅,430.0004,西城,精装,58.0,,7.4138
南,,有电梯,25,,BJ_0706,3室1厅,730.0036170000001,西城,精装,83.79,,8.7123
南,,有电梯,24,,BJ_0707,3室1厅,615.002,西城,精装,56.8,,10.8275
南,,有电梯,10,,BJ_0708,2室1厅,335.0059,西城,精装,61.0,,5.4919
南,,有电梯,10,,BJ_0709,1室1厅,390.00108,西城,精装,43.4,,8.9862
南,,无电梯,3,,BJ_0710,2室1厅,710.0053100000001,西城,精装,71.9,,9.8749
南,,有电梯,12,,BJ_0711,3室2厅,1900.008364,西城,精装,223.42,,8.5042
南,,无电梯,1,,BJ_0712,2室0厅,650.00592,西城,精装,72.3,,8.9904
南,,有电梯,14,,BJ_0713,2室1厅,800.0075999999999,西城,精装,84.0,,9.5239
南,,无电梯,1,,BJ_0714,3室1厅,740.0015,西城,精装,85.0,,8.7059
南,,有电梯,11,,BJ_0715,3室2厅,1420.014375,西城,精装,146.25,,9.7095
南,,无电梯,4,,BJ_0716,2室1厅,580.0038000000001,西城,精装,62.0,,9.3549
南,,有电梯,10,,BJ_0717,2室1厅,478.004,西城,精装,58.4,,8.185
南,,有电梯,6,,BJ_0718,2室1厅,610.0033500000001,西城,精装,60.5,,10.0827
南,,有电梯,10,,BJ_0719,1室1厅,390.0008,西城,精装,39.2,,9.949
南,,有电梯,20,,BJ_0720,2室1厅,460.005,西城,精装,70.0,,6.5715
南,,无电梯,4,,BJ_0721,2室1厅,390.00115400000004,西城,精装,50.21,,7.7674
南,,有电梯,6,,BJ_0722,1室1厅,328.00248,西城,精装,46.8,,7.0086
南,,有电梯,8,,BJ_0723,2室1厅,550.0,西城,精装,55.0,,10.0
南,,有电梯,9,,BJ_0724,2室1厅,560.000896,西城,精装,51.38,,10.8992
南,,有电梯,19,,BJ_0725,2室1厅,518.0011199999999,西城,精装,62.4,,8.3013
南,,有电梯,12,,BJ_0726,2室1厅,390.0051,西城,精装,54.68,,7.1325
南,,无电梯,1,,BJ_0727,3室1厅,600.003248,西城,精装,78.44,,7.6492
南,,无电梯,1,,BJ_0728,2室2厅,970.0098,西城,精装,102.0,,9.5099
南,,无电梯,5,,BJ_0729,3室1厅,510.005925,西城,精装,78.65,,6.4845
南,,有电梯,9,,BJ_0730,2室1厅,625.004144,西城,精装,96.19,,6.4976
南,,有电梯,7,,BJ_0731,2室1厅,630.001318,西城,精装,63.29,,9.9542
南,,有电梯,14,,BJ_0732,2室1厅,815.0067250000001,西城,精装,74.75,,10.9031
南,,有电梯,6,,BJ_0733,2室1厅,338.001328,西城,精装,48.16,,7.0183
南,,有电梯,11,,BJ_0734,3室2厅,1015.0007,西城,精装,144.25,,7.0364
南,,有电梯,12,,BJ_0735,3室1厅,660.0042,西城,精装,81.0,,8.1482
南,,有电梯,10,,BJ_0736,2室1厅,643.0018000000001,西城,精装,64.4,,9.9845
南,,有电梯,10,,BJ_0737,2室1厅,510.0003,西城,精装,81.0,,6.2963
南,,有电梯,11,,BJ_0738,2室1厅,875.0002979999999,西城,精装,77.82,,11.2439
南,,有电梯,23,,BJ_0739,2室1厅,479.0014,西城,精装,54.1,,8.854
南,,有电梯,12,,BJ_0740,4室0厅,1000.0054200000001,西城,精装,111.7,,8.9526
南,,有电梯,6,,BJ_0741,1室1厅,310.002216,西城,精装,55.32,,5.6038
南,,无电梯,2,,BJ_0742,2室1厅,405.00296,西城,精装,56.36,,7.186
南,,有电梯,9,,BJ_0743,1室0厅,300.005007,西城,精装,50.77,,5.9091
南,,有电梯,12,,BJ_0744,3室0厅,670.00659,西城,精装,67.7,,9.8967
南,,无电梯,2,,BJ_0745,4室1厅,1200.0,西城,精装,250.0,,4.8
南,,有电梯,7,,BJ_0746,1室1厅,540.00364,西城,精装,48.4,,11.1571
南,,有电梯,7,,BJ_0747,3室1厅,630.0028599999999,西城,精装,103.1,,6.1106
南,,有电梯,10,,BJ_0748,2室1厅,480.00740999999994,西城,精装,79.05,,6.0722
南,,无电梯,4,,BJ_0749,1室1厅,445.003611,西城,精装,63.83,,6.9717
南,,无电梯,6,,BJ_0750,2室1厅,560.00055,西城,精装,87.74,,6.3825
南,,有电梯,11,,BJ_0751,1室1厅,460.00434,西城,精装,46.7,,9.8502
南,,有电梯,10,,BJ_0752,3室1厅,670.0044,西城,精装,58.0,,11.5518
南,,有电梯,12,,BJ_0753,1室1厅,400.00521599999996,西城,精装,58.32,,6.8588
南,,有电梯,16,,BJ_0754,4室2厅,940.0120479999999,西城,精装,169.76,,5.5373
南,,有电梯,6,,BJ_0755,2室1厅,513.0053280000001,西城,精装,89.76,,5.7153
南,,有电梯,7,,BJ_0756,1室1厅,480.00075,西城,精装,43.5,,11.0345
南,,有电梯,11,,BJ_0757,2室1厅,393.004953,西城,精装,53.19,,7.3887
南,,有电梯,13,,BJ_0758,2室1厅,530.00396,西城,精装,60.4,,8.7749
南,,有电梯,20,,BJ_0759,1室1厅,420.0,西城,精装,64.0,,6.5625
南,,有电梯,12,,BJ_0760,3室1厅,480.00395,西城,精装,78.5,,6.1147
南,,有电梯,11,,BJ_0761,3室1厅,935.0039999999999,西城,精装,120.0,,7.7917
南,,有电梯,14,,BJ_0762,3室2厅,774.0,西城,精装,129.0,,6.0
南,,无电梯,2,,BJ_0763,2室1厅,545.0042,西城,精装,48.5,,11.2372
南,,有电梯,10,,BJ_0764,4室2厅,1650.0,西城,精装,165.0,,10.0
南,,有电梯,11,,BJ_0765,2室1厅,510.0013200000001,西城,精装,68.7,,7.4236
南,,有电梯,11,,BJ_0766,1室0厅,350.00192000000004,西城,精装,54.2,,6.4576
南,,无电梯,2,,BJ_0767,2室1厅,558.00341,西城,精装,52.7,,10.5883
南,,有电梯,8,,BJ_0768,2室1厅,897.0050360000001,西城,精装,81.56,,10.9981
南,,有电梯,24,,BJ_0769,3室1厅,607.0044,西城,精装,67.4,,9.006
南,,有电梯,11,,BJ_0770,2室1厅,635.0033199999999,西城,精装,60.4,,10.5133
南,,有电梯,8,,BJ_0771,1室1厅,470.00360000000006,西城,精装,40.7,,11.548
南,,有电梯,8,,BJ_0772,2室1厅,529.00006,西城,精装,59.65,,8.8684
南,,有电梯,20,,BJ_0773,3室1厅,585.00247,西城,精装,66.47,,8.801
南,,无电梯,1,,BJ_0774,1室1厅,370.00395,西城,精装,40.5,,9.1359
南,,有电梯,24,,BJ_0775,2室1厅,600.0049200000001,西城,精装,63.4,,9.4638
南,,有电梯,25,,BJ_0776,2室2厅,820.0047509999999,西城,精装,90.29,,9.0819
南,,有电梯,22,,BJ_0777,3室2厅,748.0014580000001,西城,精装,120.13,,6.2266
南,,有电梯,16,,BJ_0778,2室1厅,390.005,西城,精装,55.0,,7.091
南,,有电梯,8,,BJ_0779,2室1厅,597.0,西城,精装,59.7,,10.0
南,,无电梯,1,,BJ_0780,1室0厅,450.005184,西城,精装,58.68,,7.6688
南,,无电梯,4,,BJ_0781,2室1厅,630.0032,西城,精装,64.0,,9.8438
南,,有电梯,23,,BJ_0782,2室1厅,520.0007400000001,西城,精装,64.2,,8.0997
南,,有电梯,9,,BJ_0783,2室1厅,658.00125,西城,精装,57.5,,11.4435
南,,有电梯,12,,BJ_0784,3室1厅,820.0017,西城,精装,219.0,,3.7443
南,,无电梯,5,,BJ_0785,2室1厅,450.0046,西城,精装,58.0,,7.7587
南,,有电梯,9,,BJ_0786,2室1厅,510.00293,西城,精装,68.3,,7.4671
南,,有电梯,13,,BJ_0787,1室1厅,800.008654,西城,精装,115.66,,6.9169
南,,有电梯,6,,BJ_0788,1室1厅,480.00175999999993,西城,精装,57.4,,8.3624
南,,有电梯,11,,BJ_0789,2室1厅,325.00229800000005,西城,精装,60.02,,5.4149
南,,无电梯,3,,BJ_0790,2室1厅,960.00411,西城,精装,66.3,,14.4797
南,,有电梯,8,,BJ_0791,2室1厅,660.00288,西城,精装,62.8,,10.5096
南,,无电梯,2,,BJ_0792,3室1厅,1500.0204019999999,西城,精装,223.69,,6.7058
南,,有电梯,15,,BJ_0793,1室0厅,312.004875,西城,精装,51.25,,6.0879
南,,有电梯,16,,BJ_0794,4室2厅,1650.0114760000001,西城,精装,226.84,,7.2739
南,,有电梯,12,,BJ_0795,2室1厅,652.0009719999999,西城,精装,59.08,,11.0359
南,,有电梯,14,,BJ_0796,3室1厅,500.0034,西城,精装,78.0,,6.4103
南,,有电梯,16,,BJ_0797,2室1厅,500.00302000000005,西城,精装,54.1,,9.2422
南,,有电梯,12,,BJ_0798,1室1厅,525.00106,西城,精装,45.4,,11.5639
南,,有电梯,22,,BJ_0799,1室1厅,430.00185,西城,精装,43.5,,9.8851
南,,无电梯,1,,BJ_0800,3室1厅,595.004634,西城,精装,70.14,,8.4831
南,,有电梯,24,,BJ_0801,3室1厅,650.0099,西城,精装,113.0,,5.7523
南,,有电梯,6,,BJ_0802,2室2厅,750.009736,西城,精装,107.08,,7.0042
南,,有电梯,6,,BJ_0803,1室0厅,320.00489100000004,西城,精装,52.59,,6.0849
