city_name,year,year_avg_price,month,month_avg_price
上海,2017,52931.3,1,48785
上海,2017,52931.3,2,49571
上海,2017,52931.3,3,50737
上海,2017,52931.3,4,49990
上海,2017,52931.3,5,49130
上海,2017,52931.3,6,57052
上海,2017,52931.3,7,56136
上海,2017,52931.3,8,56226
上海,2017,52931.3,9,55670
上海,2017,52931.3,10,54651
上海,2017,52931.3,11,54039
上海,2017,52931.3,12,53189
上海,2018,46371.6,1,48827
上海,2018,46371.6,2,47998
上海,2018,46371.6,3,46996
上海,2018,46371.6,4,46814
上海,2018,46371.6,5,45878
上海,2018,46371.6,6,47305
上海,2018,46371.6,7,45640
上海,2018,46371.6,8,45685
上海,2018,46371.6,9,44811
上海,2018,46371.6,10,45127
上海,2018,46371.6,11,44367
上海,2018,46371.6,12,47011
上海,2019,48043.9,1,48099
上海,2019,48043.9,2,47140
上海,2019,48043.9,3,46476
上海,2019,48043.9,4,45134
上海,2019,48043.9,5,45751
上海,2019,48043.9,6,46441
上海,2019,48043.9,7,47519
上海,2019,48043.9,8,47453
上海,2019,48043.9,9,49803
上海,2019,48043.9,10,50749
上海,2019,48043.9,11,50693
上海,2019,48043.9,12,51269
上海,2020,50947.6,1,51361
上海,2020,50947.6,2,49967
上海,2020,50947.6,3,50708
上海,2020,50947.6,4,51802
上海,2020,50947.6,5,50622
上海,2020,50947.6,6,50535
上海,2020,50947.6,7,50282
上海,2020,50947.6,8,51053
上海,2020,50947.6,9,51064
上海,2020,50947.6,10,51134
上海,2020,50947.6,11,51581
上海,2020,50947.6,12,51262
上海,2021,45032.2,1,50952
上海,2021,45032.2,2,49948
上海,2021,45032.2,3,48206
上海,2021,45032.2,4,46548
上海,2021,45032.2,5,43300
上海,2021,45032.2,6,43084
上海,2021,45032.2,7,37372
上海,2021,45032.2,8,39308
上海,2021,45032.2,9,42091
上海,2021,45032.2,10,43346
上海,2021,45032.2,11,46340
上海,2021,45032.2,12,49892
上海,2022,49719.8,1,43304
上海,2022,49719.8,2,47260
上海,2022,49719.8,3,50171
上海,2022,49719.8,4,51799
上海,2022,49719.8,5,50635
上海,2022,49719.8,6,50510
上海,2022,49719.8,7,50821
上海,2022,49719.8,8,48988
上海,2022,49719.8,9,48103
上海,2022,49719.8,10,48992
上海,2022,49719.8,11,51398
上海,2022,49719.8,12,54656
上海,2023,54353,1,55246
上海,2023,54353,2,54703
上海,2023,54353,3,53651
上海,2023,54353,4,52605
上海,2023,54353,5,51902
上海,2023,54353,6,52576
上海,2023,54353,7,53576
上海,2023,54353,8,55023
上海,2023,54353,9,55302
上海,2023,54353,10,55405
上海,2023,54353,11,56173
上海,2023,54353,12,56074
上海,2024,58010.2,1,55947
上海,2024,58010.2,2,57412
上海,2024,58010.2,3,57547
上海,2024,58010.2,4,56831
上海,2024,58010.2,5,57123
上海,2024,58010.2,6,57289
上海,2024,58010.2,7,58793
上海,2024,58010.2,8,58498
上海,2024,58010.2,9,58547
上海,2024,58010.2,10,58982
上海,2024,58010.2,11,59602
上海,2024,58010.2,12,59552
上海,2025,58506.2,1,58692
上海,2025,58506.2,2,58692
上海,2025,58506.2,3,58692
上海,2025,58506.2,4,59563
上海,2025,58506.2,5,57221
上海,2025,58506.2,6,57485
上海,2025,58506.2,7,57881
上海,2025,58506.2,8,58715
上海,2025,58506.2,9,58529
上海,2025,58506.2,10,59356
上海,2025,58506.2,11,58624
上海,2025,58506.2,12,58624
乌鲁木齐,2017,7221.33,1,6579
乌鲁木齐,2017,7221.33,2,6579
乌鲁木齐,2017,7221.33,3,6570
乌鲁木齐,2017,7221.33,4,7370
乌鲁木齐,2017,7221.33,5,7362
乌鲁木齐,2017,7221.33,6,7406
乌鲁木齐,2017,7221.33,7,7074
乌鲁木齐,2017,7221.33,8,7177
乌鲁木齐,2017,7221.33,9,7399
乌鲁木齐,2017,7221.33,10,7414
乌鲁木齐,2017,7221.33,11,7420
乌鲁木齐,2017,7221.33,12,8306
乌鲁木齐,2018,8901.75,1,8437
乌鲁木齐,2018,8901.75,2,8522
乌鲁木齐,2018,8901.75,3,8909
乌鲁木齐,2018,8901.75,4,9085
乌鲁木齐,2018,8901.75,5,9105
乌鲁木齐,2018,8901.75,6,9082
乌鲁木齐,2018,8901.75,7,9083
乌鲁木齐,2018,8901.75,8,8939
乌鲁木齐,2018,8901.75,9,8721
乌鲁木齐,2018,8901.75,10,8801
乌鲁木齐,2018,8901.75,11,8967
乌鲁木齐,2018,8901.75,12,9170
乌鲁木齐,2019,9390.5,1,9320
乌鲁木齐,2019,9390.5,2,9336
乌鲁木齐,2019,9390.5,3,9298
乌鲁木齐,2019,9390.5,4,9293
乌鲁木齐,2019,9390.5,5,9355
乌鲁木齐,2019,9390.5,6,9473
乌鲁木齐,2019,9390.5,7,9385
乌鲁木齐,2019,9390.5,8,9397
乌鲁木齐,2019,9390.5,9,9378
乌鲁木齐,2019,9390.5,10,9450
乌鲁木齐,2019,9390.5,11,9508
乌鲁木齐,2019,9390.5,12,9493
乌鲁木齐,2020,9361.92,1,9518
乌鲁木齐,2020,9361.92,2,9361
乌鲁木齐,2020,9361.92,3,9295
乌鲁木齐,2020,9361.92,4,9282
乌鲁木齐,2020,9361.92,5,9229
乌鲁木齐,2020,9361.92,6,9346
乌鲁木齐,2020,9361.92,7,9385
乌鲁木齐,2020,9361.92,8,9372
乌鲁木齐,2020,9361.92,9,9332
乌鲁木齐,2020,9361.92,10,9352
乌鲁木齐,2020,9361.92,11,9427
乌鲁木齐,2020,9361.92,12,9444
乌鲁木齐,2021,9099.5,1,9327
乌鲁木齐,2021,9099.5,2,9358
乌鲁木齐,2021,9099.5,3,9240
乌鲁木齐,2021,9099.5,4,9229
乌鲁木齐,2021,9099.5,5,9203
乌鲁木齐,2021,9099.5,6,9145
乌鲁木齐,2021,9099.5,7,9260
乌鲁木齐,2021,9099.5,8,8975
乌鲁木齐,2021,9099.5,9,8977
乌鲁木齐,2021,9099.5,10,8883
乌鲁木齐,2021,9099.5,11,8798
乌鲁木齐,2021,9099.5,12,8799
乌鲁木齐,2022,8831.67,1,8795
乌鲁木齐,2022,8831.67,2,8792
乌鲁木齐,2022,8831.67,3,8856
乌鲁木齐,2022,8831.67,4,8847
乌鲁木齐,2022,8831.67,5,8839
乌鲁木齐,2022,8831.67,6,8910
乌鲁木齐,2022,8831.67,7,8874
乌鲁木齐,2022,8831.67,8,8822
乌鲁木齐,2022,8831.67,9,8817
乌鲁木齐,2022,8831.67,10,8812
乌鲁木齐,2022,8831.67,11,8806
乌鲁木齐,2022,8831.67,12,8810
乌鲁木齐,2023,8768.83,1,8851
乌鲁木齐,2023,8768.83,2,8856
乌鲁木齐,2023,8768.83,3,8792
乌鲁木齐,2023,8768.83,4,8799
乌鲁木齐,2023,8768.83,5,8814
乌鲁木齐,2023,8768.83,6,8804
乌鲁木齐,2023,8768.83,7,8734
乌鲁木齐,2023,8768.83,8,8704
乌鲁木齐,2023,8768.83,9,8697
乌鲁木齐,2023,8768.83,10,8702
乌鲁木齐,2023,8768.83,11,8732
乌鲁木齐,2023,8768.83,12,8741
乌鲁木齐,2024,8661.67,1,8729
乌鲁木齐,2024,8661.67,2,8729
乌鲁木齐,2024,8661.67,3,8693
乌鲁木齐,2024,8661.67,4,8689
乌鲁木齐,2024,8661.67,5,8675
乌鲁木齐,2024,8661.67,6,8674
乌鲁木齐,2024,8661.67,7,8639
乌鲁木齐,2024,8661.67,8,8629
乌鲁木齐,2024,8661.67,9,8626
乌鲁木齐,2024,8661.67,10,8626
乌鲁木齐,2024,8661.67,11,8623
乌鲁木齐,2024,8661.67,12,8608
乌鲁木齐,2025,8444.83,1,8582
乌鲁木齐,2025,8444.83,2,8551
乌鲁木齐,2025,8444.83,3,8492
乌鲁木齐,2025,8444.83,4,8491
乌鲁木齐,2025,8444.83,5,8468
乌鲁木齐,2025,8444.83,6,8482
乌鲁木齐,2025,8444.83,7,8482
乌鲁木齐,2025,8444.83,8,8453
乌鲁木齐,2025,8444.83,9,8400
乌鲁木齐,2025,8444.83,10,8327
乌鲁木齐,2025,8444.83,11,8305
乌鲁木齐,2025,8444.83,12,8305
兰州,2017,8898.42,1,8159
兰州,2017,8898.42,2,8267
兰州,2017,8898.42,3,8417
兰州,2017,8898.42,4,8631
兰州,2017,8898.42,5,8661
兰州,2017,8898.42,6,9076
兰州,2017,8898.42,7,8996
兰州,2017,8898.42,8,9104
兰州,2017,8898.42,9,9329
兰州,2017,8898.42,10,9377
兰州,2017,8898.42,11,9237
兰州,2017,8898.42,12,9527
兰州,2018,9996.92,1,9828
兰州,2018,9996.92,2,9818
兰州,2018,9996.92,3,10060
兰州,2018,9996.92,4,10165
兰州,2018,9996.92,5,10134
兰州,2018,9996.92,6,9900
兰州,2018,9996.92,7,10007
兰州,2018,9996.92,8,10360
兰州,2018,9996.92,9,10241
兰州,2018,9996.92,10,9865
兰州,2018,9996.92,11,9784
兰州,2018,9996.92,12,9801
兰州,2019,9395.42,1,9680
兰州,2019,9395.42,2,10146
兰州,2019,9395.42,3,9836
兰州,2019,9395.42,4,9637
兰州,2019,9395.42,5,9583
兰州,2019,9395.42,6,9355
兰州,2019,9395.42,7,8882
兰州,2019,9395.42,8,8851
兰州,2019,9395.42,9,9019
兰州,2019,9395.42,10,9223
兰州,2019,9395.42,11,9163
兰州,2019,9395.42,12,9370
兰州,2020,9668.92,1,9518
兰州,2020,9668.92,2,9393
兰州,2020,9668.92,3,9301
兰州,2020,9668.92,4,9308
兰州,2020,9668.92,5,9536
兰州,2020,9668.92,6,9724
兰州,2020,9668.92,7,9915
兰州,2020,9668.92,8,9910
兰州,2020,9668.92,9,9905
兰州,2020,9668.92,10,9839
兰州,2020,9668.92,11,9784
兰州,2020,9668.92,12,9894
兰州,2021,9567.25,1,9882
兰州,2021,9567.25,2,9840
兰州,2021,9567.25,3,9694
兰州,2021,9567.25,4,9720
兰州,2021,9567.25,5,9743
兰州,2021,9567.25,6,9572
兰州,2021,9567.25,7,9509
兰州,2021,9567.25,8,9486
兰州,2021,9567.25,9,9412
兰州,2021,9567.25,10,9384
兰州,2021,9567.25,11,9326
兰州,2021,9567.25,12,9239
兰州,2022,9062.42,1,9251
兰州,2022,9062.42,2,9209
兰州,2022,9062.42,3,9146
兰州,2022,9062.42,4,9211
兰州,2022,9062.42,5,9224
兰州,2022,9062.42,6,9119
兰州,2022,9062.42,7,9136
兰州,2022,9062.42,8,9013
兰州,2022,9062.42,9,8926
兰州,2022,9062.42,10,8859
兰州,2022,9062.42,11,8819
兰州,2022,9062.42,12,8836
兰州,2023,8783.75,1,8788
兰州,2023,8783.75,2,8759
兰州,2023,8783.75,3,8751
兰州,2023,8783.75,4,8727
兰州,2023,8783.75,5,8716
兰州,2023,8783.75,6,8773
兰州,2023,8783.75,7,8825
兰州,2023,8783.75,8,8743
兰州,2023,8783.75,9,8782
兰州,2023,8783.75,10,8863
兰州,2023,8783.75,11,8862
兰州,2023,8783.75,12,8816
兰州,2024,8658.92,1,8829
兰州,2024,8658.92,2,8779
兰州,2024,8658.92,3,8720
兰州,2024,8658.92,4,8709
兰州,2024,8658.92,5,8646
兰州,2024,8658.92,6,8593
兰州,2024,8658.92,7,8594
兰州,2024,8658.92,8,8594
兰州,2024,8658.92,9,8594
兰州,2024,8658.92,10,8617
兰州,2024,8658.92,11,8596
兰州,2024,8658.92,12,8636
兰州,2025,8675.58,1,8680
兰州,2025,8675.58,2,8636
兰州,2025,8675.58,3,8664
兰州,2025,8675.58,4,8685
兰州,2025,8675.58,5,8732
兰州,2025,8675.58,6,8684
兰州,2025,8675.58,7,8701
兰州,2025,8675.58,8,8673
兰州,2025,8675.58,9,8673
兰州,2025,8675.58,10,8639
兰州,2025,8675.58,11,8670
兰州,2025,8675.58,12,8670
北京,2017,36132.4,1,30709
北京,2017,36132.4,2,31404
北京,2017,36132.4,3,31562
北京,2017,36132.4,4,31182
北京,2017,36132.4,5,30551
北京,2017,36132.4,6,37742
北京,2017,36132.4,7,41741
北京,2017,36132.4,8,41628
北京,2017,36132.4,9,41042
北京,2017,36132.4,10,40156
北京,2017,36132.4,11,37858
北京,2017,36132.4,12,38014
北京,2018,42259.2,1,39866
北京,2018,42259.2,2,40021
北京,2018,42259.2,3,41323
北京,2018,42259.2,4,41941
北京,2018,42259.2,5,41791
北京,2018,42259.2,6,43076
北京,2018,42259.2,7,41344
北京,2018,42259.2,8,40687
北京,2018,42259.2,9,49105
北京,2018,42259.2,10,45929
北京,2018,42259.2,11,40333
北京,2018,42259.2,12,41695
北京,2019,43612.3,1,44399
北京,2019,43612.3,2,45412
北京,2019,43612.3,3,45290
北京,2019,43612.3,4,41128
北京,2019,43612.3,5,43142
北京,2019,43612.3,6,45133
北京,2019,43612.3,7,45041
北京,2019,43612.3,8,42977
北京,2019,43612.3,9,42314
北京,2019,43612.3,10,42757
北京,2019,43612.3,11,42637
北京,2019,43612.3,12,43118
北京,2020,41200.2,1,42540
北京,2020,41200.2,2,40974
北京,2020,41200.2,3,41228
北京,2020,41200.2,4,41179
北京,2020,41200.2,5,40949
北京,2020,41200.2,6,40805
北京,2020,41200.2,7,43324
北京,2020,41200.2,8,41203
北京,2020,41200.2,9,40804
北京,2020,41200.2,10,40804
北京,2020,41200.2,11,40428
北京,2020,41200.2,12,40164
北京,2021,38423.8,1,39493
北京,2021,38423.8,2,39409
北京,2021,38423.8,3,38202
北京,2021,38423.8,4,38126
北京,2021,38423.8,5,41087
北京,2021,38423.8,6,39100
北京,2021,38423.8,7,37574
北京,2021,38423.8,8,37446
北京,2021,38423.8,9,37464
北京,2021,38423.8,10,37196
北京,2021,38423.8,11,37763
北京,2021,38423.8,12,38225
北京,2022,40987.3,1,38673
北京,2022,40987.3,2,38615
北京,2022,40987.3,3,39383
北京,2022,40987.3,4,39591
北京,2022,40987.3,5,40261
北京,2022,40987.3,6,41305
北京,2022,40987.3,7,41131
北京,2022,40987.3,8,41444
北京,2022,40987.3,9,41065
北京,2022,40987.3,10,40705
北京,2022,40987.3,11,41407
北京,2022,40987.3,12,48268
北京,2023,47286.1,1,48042
北京,2023,47286.1,2,48011
北京,2023,47286.1,3,47927
北京,2023,47286.1,4,47683
北京,2023,47286.1,5,46928
北京,2023,47286.1,6,46871
北京,2023,47286.1,7,46937
北京,2023,47286.1,8,47002
北京,2023,47286.1,9,46645
北京,2023,47286.1,10,46758
北京,2023,47286.1,11,47285
北京,2023,47286.1,12,47344
北京,2024,48244.1,1,47529
北京,2024,48244.1,2,47933
北京,2024,48244.1,3,48084
北京,2024,48244.1,4,48357
北京,2024,48244.1,5,47924
北京,2024,48244.1,6,48060
北京,2024,48244.1,7,48449
北京,2024,48244.1,8,48492
北京,2024,48244.1,9,48545
北京,2024,48244.1,10,48602
北京,2024,48244.1,11,48536
北京,2024,48244.1,12,48418
北京,2025,48410.5,1,48515
北京,2025,48410.5,2,48515
北京,2025,48410.5,3,48515
北京,2025,48410.5,4,48515
北京,2025,48410.5,5,47961
北京,2025,48410.5,6,48141
北京,2025,48410.5,7,48148
北京,2025,48410.5,8,48337
北京,2025,48410.5,9,48726
北京,2025,48410.5,10,48589
北京,2025,48410.5,11,48482
北京,2025,48410.5,12,48482
南京,2017,20984.6,1,20336
南京,2017,20984.6,2,20538
南京,2017,20984.6,3,20527
南京,2017,20984.6,4,20539
南京,2017,20984.6,5,20465
南京,2017,20984.6,6,23078
南京,2017,20984.6,7,22511
南京,2017,20984.6,8,21285
南京,2017,20984.6,9,21825
南京,2017,20984.6,10,20768
南京,2017,20984.6,11,20364
南京,2017,20984.6,12,19579
南京,2018,18638.1,1,19760
南京,2018,18638.1,2,19619
南京,2018,18638.1,3,19829
南京,2018,18638.1,4,19414
南京,2018,18638.1,5,19028
南京,2018,18638.1,6,18319
南京,2018,18638.1,7,18403
南京,2018,18638.1,8,17608
南京,2018,18638.1,9,17550
南京,2018,18638.1,10,17695
南京,2018,18638.1,11,18131
南京,2018,18638.1,12,18301
南京,2019,18604,1,18141
南京,2019,18604,2,18250
南京,2019,18604,3,18188
南京,2019,18604,4,18063
南京,2019,18604,5,18016
南京,2019,18604,6,18524
南京,2019,18604,7,18624
南京,2019,18604,8,18447
南京,2019,18604,9,18940
南京,2019,18604,10,19250
南京,2019,18604,11,19016
南京,2019,18604,12,19789
南京,2020,20828.6,1,20546
南京,2020,20828.6,2,20496
南京,2020,20828.6,3,20861
南京,2020,20828.6,4,20401
南京,2020,20828.6,5,20578
南京,2020,20828.6,6,20648
南京,2020,20828.6,7,20386
南京,2020,20828.6,8,20209
南京,2020,20828.6,9,21021
南京,2020,20828.6,10,21193
南京,2020,20828.6,11,21520
南京,2020,20828.6,12,22084
南京,2021,22664.1,1,22409
南京,2021,22664.1,2,22311
南京,2021,22664.1,3,22269
南京,2021,22664.1,4,22059
南京,2021,22664.1,5,21556
南京,2021,22664.1,6,20613
南京,2021,22664.1,7,21274
南京,2021,22664.1,8,23371
南京,2021,22664.1,9,23734
南京,2021,22664.1,10,23403
南京,2021,22664.1,11,23909
南京,2021,22664.1,12,25061
南京,2022,26295.1,1,25341
南京,2022,26295.1,2,25508
南京,2022,26295.1,3,25717
南京,2022,26295.1,4,25784
南京,2022,26295.1,5,25875
南京,2022,26295.1,6,26550
南京,2022,26295.1,7,26632
南京,2022,26295.1,8,26377
南京,2022,26295.1,9,26326
南京,2022,26295.1,10,26789
南京,2022,26295.1,11,27144
南京,2022,26295.1,12,27498
南京,2023,27905.3,1,27536
南京,2023,27905.3,2,27535
南京,2023,27905.3,3,27560
南京,2023,27905.3,4,27578
南京,2023,27905.3,5,27876
南京,2023,27905.3,6,27804
南京,2023,27905.3,7,28003
南京,2023,27905.3,8,27911
南京,2023,27905.3,9,27917
南京,2023,27905.3,10,27966
南京,2023,27905.3,11,28424
南京,2023,27905.3,12,28754
南京,2024,29564.2,1,28970
南京,2024,29564.2,2,28990
南京,2024,29564.2,3,29078
南京,2024,29564.2,4,28963
南京,2024,29564.2,5,28800
南京,2024,29564.2,6,29205
南京,2024,29564.2,7,29104
南京,2024,29564.2,8,29104
南京,2024,29564.2,9,30135
南京,2024,29564.2,10,30871
南京,2024,29564.2,11,30871
南京,2024,29564.2,12,30679
南京,2025,29746.5,1,30332
南京,2025,29746.5,2,30208
南京,2025,29746.5,3,30208
南京,2025,29746.5,4,29861
南京,2025,29746.5,5,29811
南京,2025,29746.5,6,29488
南京,2025,29746.5,7,29177
南京,2025,29746.5,8,29436
南京,2025,29746.5,9,29505
南京,2025,29746.5,10,29644
南京,2025,29746.5,11,29644
南京,2025,29746.5,12,29644
南宁,2017,10783.8,1,8973
南宁,2017,10783.8,2,9008
南宁,2017,10783.8,3,9285
南宁,2017,10783.8,4,9677
南宁,2017,10783.8,5,10070
南宁,2017,10783.8,6,11561
南宁,2017,10783.8,7,11706
南宁,2017,10783.8,8,11753
南宁,2017,10783.8,9,11528
南宁,2017,10783.8,10,12073
南宁,2017,10783.8,11,12098
南宁,2017,10783.8,12,11674
南宁,2018,11194.3,1,10427
南宁,2018,11194.3,2,9884
南宁,2018,11194.3,3,10139
南宁,2018,11194.3,4,11262
南宁,2018,11194.3,5,11153
南宁,2018,11194.3,6,11250
南宁,2018,11194.3,7,11451
南宁,2018,11194.3,8,11505
南宁,2018,11194.3,9,11579
南宁,2018,11194.3,10,11770
南宁,2018,11194.3,11,11964
南宁,2018,11194.3,12,11948
南宁,2019,12023,1,12066
南宁,2019,12023,2,12079
南宁,2019,12023,3,12080
南宁,2019,12023,4,11939
南宁,2019,12023,5,11959
南宁,2019,12023,6,11969
南宁,2019,12023,7,12054
南宁,2019,12023,8,12231
南宁,2019,12023,9,12077
南宁,2019,12023,10,11960
南宁,2019,12023,11,11981
南宁,2019,12023,12,11881
南宁,2020,12057.1,1,11841
南宁,2020,12057.1,2,11662
南宁,2020,12057.1,3,11696
南宁,2020,12057.1,4,11617
南宁,2020,12057.1,5,11757
南宁,2020,12057.1,6,11670
南宁,2020,12057.1,7,11733
南宁,2020,12057.1,8,12267
南宁,2020,12057.1,9,12542
南宁,2020,12057.1,10,12446
南宁,2020,12057.1,11,12665
南宁,2020,12057.1,12,12789
南宁,2021,12586.6,1,12580
南宁,2021,12586.6,2,12763
南宁,2021,12586.6,3,12755
南宁,2021,12586.6,4,12582
南宁,2021,12586.6,5,12334
南宁,2021,12586.6,6,12403
南宁,2021,12586.6,7,12730
南宁,2021,12586.6,8,12806
南宁,2021,12586.6,9,12618
南宁,2021,12586.6,10,12517
南宁,2021,12586.6,11,12490
南宁,2021,12586.6,12,12461
南宁,2022,11838.9,1,12237
南宁,2022,11838.9,2,12152
南宁,2022,11838.9,3,12079
南宁,2022,11838.9,4,11950
南宁,2022,11838.9,5,11818
南宁,2022,11838.9,6,11518
南宁,2022,11838.9,7,11598
南宁,2022,11838.9,8,11697
南宁,2022,11838.9,9,11842
南宁,2022,11838.9,10,11801
南宁,2022,11838.9,11,11719
南宁,2022,11838.9,12,11656
南宁,2023,11590.8,1,11653
南宁,2023,11590.8,2,11658
南宁,2023,11590.8,3,11629
南宁,2023,11590.8,4,11579
南宁,2023,11590.8,5,11534
南宁,2023,11590.8,6,11565
南宁,2023,11590.8,7,11552
南宁,2023,11590.8,8,11667
南宁,2023,11590.8,9,11619
南宁,2023,11590.8,10,11595
南宁,2023,11590.8,11,11534
南宁,2023,11590.8,12,11505
南宁,2024,11276.1,1,11615
南宁,2024,11276.1,2,11618
南宁,2024,11276.1,3,11253
南宁,2024,11276.1,4,11244
南宁,2024,11276.1,5,11309
南宁,2024,11276.1,6,11201
南宁,2024,11276.1,7,11174
南宁,2024,11276.1,8,11185
南宁,2024,11276.1,9,11185
南宁,2024,11276.1,10,11171
南宁,2024,11276.1,11,11169
南宁,2024,11276.1,12,11189
南宁,2025,11276.2,1,11183
南宁,2025,11276.2,2,11183
南宁,2025,11276.2,3,11218
南宁,2025,11276.2,4,11218
南宁,2025,11276.2,5,11210
南宁,2025,11276.2,6,11290
南宁,2025,11276.2,7,11294
南宁,2025,11276.2,8,11294
南宁,2025,11276.2,9,11283
南宁,2025,11276.2,10,11325
南宁,2025,11276.2,11,11408
南宁,2025,11276.2,12,11408
南昌,2017,11410.2,1,9755
南昌,2017,11410.2,2,9963
南昌,2017,11410.2,3,10224
南昌,2017,11410.2,4,10663
南昌,2017,11410.2,5,10872
南昌,2017,11410.2,6,11752
南昌,2017,11410.2,7,11935
南昌,2017,11410.2,8,12076
南昌,2017,11410.2,9,12622
南昌,2017,11410.2,10,12508
南昌,2017,11410.2,11,12356
南昌,2017,11410.2,12,12196
南昌,2018,13497.8,1,12291
南昌,2018,13497.8,2,12388
南昌,2018,13497.8,3,12581
南昌,2018,13497.8,4,12791
南昌,2018,13497.8,5,13067
南昌,2018,13497.8,6,13614
南昌,2018,13497.8,7,14139
南昌,2018,13497.8,8,14640
南昌,2018,13497.8,9,14397
南昌,2018,13497.8,10,14172
南昌,2018,13497.8,11,14086
南昌,2018,13497.8,12,13807
南昌,2019,13630.5,1,13647
南昌,2019,13630.5,2,13544
南昌,2019,13630.5,3,13728
南昌,2019,13630.5,4,13881
南昌,2019,13630.5,5,13771
南昌,2019,13630.5,6,13653
南昌,2019,13630.5,7,13487
南昌,2019,13630.5,8,13773
南昌,2019,13630.5,9,13666
南昌,2019,13630.5,10,13506
南昌,2019,13630.5,11,13643
南昌,2019,13630.5,12,13267
南昌,2020,13100.4,1,13149
南昌,2020,13100.4,2,13158
南昌,2020,13100.4,3,13124
南昌,2020,13100.4,4,13224
南昌,2020,13100.4,5,13250
南昌,2020,13100.4,6,13311
南昌,2020,13100.4,7,13281
南昌,2020,13100.4,8,13187
南昌,2020,13100.4,9,12924
南昌,2020,13100.4,10,12941
南昌,2020,13100.4,11,12894
南昌,2020,13100.4,12,12762
南昌,2021,12376.1,1,12616
南昌,2021,12376.1,2,12553
南昌,2021,12376.1,3,12573
南昌,2021,12376.1,4,12371
南昌,2021,12376.1,5,12338
南昌,2021,12376.1,6,12402
南昌,2021,12376.1,7,12350
南昌,2021,12376.1,8,12386
南昌,2021,12376.1,9,12525
南昌,2021,12376.1,10,12356
南昌,2021,12376.1,11,12012
南昌,2021,12376.1,12,12031
南昌,2022,11929.3,1,11975
南昌,2022,11929.3,2,11878
南昌,2022,11929.3,3,11931
南昌,2022,11929.3,4,11885
南昌,2022,11929.3,5,11881
南昌,2022,11929.3,6,11911
南昌,2022,11929.3,7,11878
南昌,2022,11929.3,8,11941
南昌,2022,11929.3,9,11840
南昌,2022,11929.3,10,11968
南昌,2022,11929.3,11,12059
南昌,2022,11929.3,12,12005
南昌,2023,11458.8,1,11979
南昌,2023,11458.8,2,11916
南昌,2023,11458.8,3,11593
南昌,2023,11458.8,4,11574
南昌,2023,11458.8,5,11436
南昌,2023,11458.8,6,11417
南昌,2023,11458.8,7,11420
南昌,2023,11458.8,8,11370
南昌,2023,11458.8,9,11224
南昌,2023,11458.8,10,11172
南昌,2023,11458.8,11,11187
南昌,2023,11458.8,12,11217
南昌,2024,11330.2,1,11269
南昌,2024,11330.2,2,11212
南昌,2024,11330.2,3,11294
南昌,2024,11330.2,4,11320
南昌,2024,11330.2,5,11299
南昌,2024,11330.2,6,11246
南昌,2024,11330.2,7,11369
南昌,2024,11330.2,8,11361
南昌,2024,11330.2,9,11384
南昌,2024,11330.2,10,11403
南昌,2024,11330.2,11,11403
南昌,2024,11330.2,12,11403
南昌,2025,11290.4,1,11403
南昌,2025,11290.4,2,11341
南昌,2025,11290.4,3,11215
南昌,2025,11290.4,4,11279
南昌,2025,11290.4,5,11251
南昌,2025,11290.4,6,11251
南昌,2025,11290.4,7,11221
南昌,2025,11290.4,8,11258
南昌,2025,11290.4,9,11254
南昌,2025,11290.4,10,11254
南昌,2025,11290.4,11,11360
南昌,2025,11290.4,12,11398
合肥,2017,13327.9,1,12436
合肥,2017,13327.9,2,12652
合肥,2017,13327.9,3,12679
合肥,2017,13327.9,4,12712
合肥,2017,13327.9,5,12656
合肥,2017,13327.9,6,13584
合肥,2017,13327.9,7,13556
合肥,2017,13327.9,8,13645
合肥,2017,13327.9,9,13644
合肥,2017,13327.9,10,14087
合肥,2017,13327.9,11,14008
合肥,2017,13327.9,12,14276
合肥,2018,14262.9,1,13586
合肥,2018,14262.9,2,13848
合肥,2018,14262.9,3,14000
合肥,2018,14262.9,4,14240
合肥,2018,14262.9,5,14456
合肥,2018,14262.9,6,14078
合肥,2018,14262.9,7,14284
合肥,2018,14262.9,8,14269
合肥,2018,14262.9,9,14475
合肥,2018,14262.9,10,14618
合肥,2018,14262.9,11,14530
合肥,2018,14262.9,12,14771
合肥,2019,14972.6,1,14688
合肥,2019,14972.6,2,14638
合肥,2019,14972.6,3,14625
合肥,2019,14972.6,4,14853
合肥,2019,14972.6,5,15019
合肥,2019,14972.6,6,15063
合肥,2019,14972.6,7,15306
合肥,2019,14972.6,8,15280
合肥,2019,14972.6,9,15115
合肥,2019,14972.6,10,14998
合肥,2019,14972.6,11,15034
合肥,2019,14972.6,12,15052
合肥,2020,14982.5,1,15173
合肥,2020,14982.5,2,15023
合肥,2020,14982.5,3,15112
合肥,2020,14982.5,4,15015
合肥,2020,14982.5,5,14982
合肥,2020,14982.5,6,15025
合肥,2020,14982.5,7,15006
合肥,2020,14982.5,8,14797
合肥,2020,14982.5,9,15060
合肥,2020,14982.5,10,15142
合肥,2020,14982.5,11,15032
合肥,2020,14982.5,12,14423
合肥,2021,13295.5,1,14316
合肥,2021,13295.5,2,13785
合肥,2021,13295.5,3,13851
合肥,2021,13295.5,4,13613
合肥,2021,13295.5,5,13366
合肥,2021,13295.5,6,13170
合肥,2021,13295.5,7,13756
合肥,2021,13295.5,8,12645
合肥,2021,13295.5,9,12125
合肥,2021,13295.5,10,12286
合肥,2021,13295.5,11,12894
合肥,2021,13295.5,12,13739
合肥,2022,14750.8,1,14206
合肥,2022,14750.8,2,13785
合肥,2022,14750.8,3,14262
合肥,2022,14750.8,4,14713
合肥,2022,14750.8,5,14544
合肥,2022,14750.8,6,15057
合肥,2022,14750.8,7,14808
合肥,2022,14750.8,8,15196
合肥,2022,14750.8,9,14887
合肥,2022,14750.8,10,14870
合肥,2022,14750.8,11,15262
合肥,2022,14750.8,12,15419
合肥,2023,16501.2,1,15731
合肥,2023,16501.2,2,15919
合肥,2023,16501.2,3,16208
合肥,2023,16501.2,4,16585
合肥,2023,16501.2,5,16640
合肥,2023,16501.2,6,16443
合肥,2023,16501.2,7,16494
合肥,2023,16501.2,8,16687
合肥,2023,16501.2,9,16591
合肥,2023,16501.2,10,16816
合肥,2023,16501.2,11,16844
合肥,2023,16501.2,12,17057
合肥,2024,17052.1,1,17036
合肥,2024,17052.1,2,17061
合肥,2024,17052.1,3,16922
合肥,2024,17052.1,4,16870
合肥,2024,17052.1,5,17110
合肥,2024,17052.1,6,17062
合肥,2024,17052.1,7,17025
合肥,2024,17052.1,8,17053
合肥,2024,17052.1,9,17076
合肥,2024,17052.1,10,17071
合肥,2024,17052.1,11,17138
合肥,2024,17052.1,12,17201
合肥,2025,17089.7,1,17211
合肥,2025,17089.7,2,17173
合肥,2025,17089.7,3,17097
合肥,2025,17089.7,4,17093
合肥,2025,17089.7,5,17098
合肥,2025,17089.7,6,17054
合肥,2025,17089.7,7,17045
合肥,2025,17089.7,8,17045
合肥,2025,17089.7,9,17070
合肥,2025,17089.7,10,17087
合肥,2025,17089.7,11,17080
合肥,2025,17089.7,12,17023
呼和浩特,2017,7087.67,1,6203
呼和浩特,2017,7087.67,2,6212
呼和浩特,2017,7087.67,3,6183
呼和浩特,2017,7087.67,4,6372
呼和浩特,2017,7087.67,5,6383
呼和浩特,2017,7087.67,6,7222
呼和浩特,2017,7087.67,7,7297
呼和浩特,2017,7087.67,8,7705
呼和浩特,2017,7087.67,9,7767
呼和浩特,2017,7087.67,10,7836
呼和浩特,2017,7087.67,11,7873
呼和浩特,2017,7087.67,12,7999
呼和浩特,2018,8929.08,1,8107
呼和浩特,2018,8929.08,2,8239
呼和浩特,2018,8929.08,3,8611
呼和浩特,2018,8929.08,4,8723
呼和浩特,2018,8929.08,5,8937
呼和浩特,2018,8929.08,6,8899
呼和浩特,2018,8929.08,7,9204
呼和浩特,2018,8929.08,8,9185
呼和浩特,2018,8929.08,9,9212
呼和浩特,2018,8929.08,10,9348
呼和浩特,2018,8929.08,11,9297
呼和浩特,2018,8929.08,12,9387
呼和浩特,2019,10678.1,1,9321
呼和浩特,2019,10678.1,2,9237
呼和浩特,2019,10678.1,3,10196
呼和浩特,2019,10678.1,4,10410
呼和浩特,2019,10678.1,5,10536
呼和浩特,2019,10678.1,6,10557
呼和浩特,2019,10678.1,7,10696
呼和浩特,2019,10678.1,8,11226
呼和浩特,2019,10678.1,9,11323
呼和浩特,2019,10678.1,10,11505
呼和浩特,2019,10678.1,11,11617
呼和浩特,2019,10678.1,12,11513
呼和浩特,2020,11970,1,11814
呼和浩特,2020,11970,2,11885
呼和浩特,2020,11970,3,11793
呼和浩特,2020,11970,4,11764
呼和浩特,2020,11970,5,11872
呼和浩特,2020,11970,6,12499
呼和浩特,2020,11970,7,12594
呼和浩特,2020,11970,8,12483
呼和浩特,2020,11970,9,11972
呼和浩特,2020,11970,10,11921
呼和浩特,2020,11970,11,11669
呼和浩特,2020,11970,12,11374
呼和浩特,2021,11551.2,1,11544
呼和浩特,2021,11551.2,2,11514
呼和浩特,2021,11551.2,3,11765
呼和浩特,2021,11551.2,4,11791
呼和浩特,2021,11551.2,5,11826
呼和浩特,2021,11551.2,6,11562
呼和浩特,2021,11551.2,7,11723
呼和浩特,2021,11551.2,8,11272
呼和浩特,2021,11551.2,9,11523
呼和浩特,2021,11551.2,10,11266
呼和浩特,2021,11551.2,11,11409
呼和浩特,2021,11551.2,12,11420
呼和浩特,2022,11211.8,1,11341
呼和浩特,2022,11211.8,2,11341
呼和浩特,2022,11211.8,3,11359
呼和浩特,2022,11211.8,4,11272
呼和浩特,2022,11211.8,5,11172
呼和浩特,2022,11211.8,6,11329
呼和浩特,2022,11211.8,7,11372
呼和浩特,2022,11211.8,8,11143
呼和浩特,2022,11211.8,9,11151
呼和浩特,2022,11211.8,10,11020
呼和浩特,2022,11211.8,11,11020
呼和浩特,2022,11211.8,12,11021
呼和浩特,2023,10949,1,11013
呼和浩特,2023,10949,2,11013
呼和浩特,2023,10949,3,10956
呼和浩特,2023,10949,4,10897
呼和浩特,2023,10949,5,10899
呼和浩特,2023,10949,6,10915
呼和浩特,2023,10949,7,10965
呼和浩特,2023,10949,8,10993
呼和浩特,2023,10949,9,10956
呼和浩特,2023,10949,10,10947
呼和浩特,2023,10949,11,10947
呼和浩特,2023,10949,12,10887
呼和浩特,2024,10886.6,1,10913
呼和浩特,2024,10886.6,2,10913
呼和浩特,2024,10886.6,3,10902
呼和浩特,2024,10886.6,4,10903
呼和浩特,2024,10886.6,5,10832
呼和浩特,2024,10886.6,6,10836
呼和浩特,2024,10886.6,7,10862
呼和浩特,2024,10886.6,8,10862
呼和浩特,2024,10886.6,9,10904
呼和浩特,2024,10886.6,10,10904
呼和浩特,2024,10886.6,11,10904
呼和浩特,2024,10886.6,12,10904
呼和浩特,2025,10874.8,1,10904
呼和浩特,2025,10874.8,2,10904
呼和浩特,2025,10874.8,3,10904
呼和浩特,2025,10874.8,4,10904
呼和浩特,2025,10874.8,5,10904
呼和浩特,2025,10874.8,6,10854
呼和浩特,2025,10874.8,7,10854
呼和浩特,2025,10874.8,8,10854
呼和浩特,2025,10874.8,9,10854
呼和浩特,2025,10874.8,10,10854
呼和浩特,2025,10874.8,11,10854
呼和浩特,2025,10874.8,12,10854
哈尔滨,2017,8800.08,1,7721
哈尔滨,2017,8800.08,2,7773
哈尔滨,2017,8800.08,3,7903
哈尔滨,2017,8800.08,4,8038
哈尔滨,2017,8800.08,5,8367
哈尔滨,2017,8800.08,6,8807
哈尔滨,2017,8800.08,7,8935
哈尔滨,2017,8800.08,8,9095
哈尔滨,2017,8800.08,9,9303
哈尔滨,2017,8800.08,10,9458
哈尔滨,2017,8800.08,11,9658
哈尔滨,2017,8800.08,12,10543
哈尔滨,2018,11044.2,1,10528
哈尔滨,2018,11044.2,2,10424
哈尔滨,2018,11044.2,3,10637
哈尔滨,2018,11044.2,4,10879
哈尔滨,2018,11044.2,5,10576
哈尔滨,2018,11044.2,6,10746
哈尔滨,2018,11044.2,7,10798
哈尔滨,2018,11044.2,8,11349
哈尔滨,2018,11044.2,9,11384
哈尔滨,2018,11044.2,10,11564
哈尔滨,2018,11044.2,11,11729
哈尔滨,2018,11044.2,12,11916
哈尔滨,2019,12181.2,1,12011
哈尔滨,2019,12181.2,2,11954
哈尔滨,2019,12181.2,3,12056
哈尔滨,2019,12181.2,4,12052
哈尔滨,2019,12181.2,5,12236
哈尔滨,2019,12181.2,6,12391
哈尔滨,2019,12181.2,7,12210
哈尔滨,2019,12181.2,8,12273
哈尔滨,2019,12181.2,9,12162
哈尔滨,2019,12181.2,10,12380
哈尔滨,2019,12181.2,11,12263
哈尔滨,2019,12181.2,12,12186
哈尔滨,2020,12250.7,1,12215
哈尔滨,2020,12250.7,2,12158
哈尔滨,2020,12250.7,3,12162
哈尔滨,2020,12250.7,4,12021
哈尔滨,2020,12250.7,5,12196
哈尔滨,2020,12250.7,6,12151
哈尔滨,2020,12250.7,7,12126
哈尔滨,2020,12250.7,8,12197
哈尔滨,2020,12250.7,9,12049
哈尔滨,2020,12250.7,10,12096
哈尔滨,2020,12250.7,11,12696
哈尔滨,2020,12250.7,12,12941
哈尔滨,2021,11851.8,1,12279
哈尔滨,2021,11851.8,2,12287
哈尔滨,2021,11851.8,3,12143
哈尔滨,2021,11851.8,4,12253
哈尔滨,2021,11851.8,5,11910
哈尔滨,2021,11851.8,6,11800
哈尔滨,2021,11851.8,7,11882
哈尔滨,2021,11851.8,8,11371
哈尔滨,2021,11851.8,9,11419
哈尔滨,2021,11851.8,10,11374
哈尔滨,2021,11851.8,11,11509
哈尔滨,2021,11851.8,12,11995
哈尔滨,2022,11431.8,1,11978
哈尔滨,2022,11431.8,2,11869
哈尔滨,2022,11431.8,3,11714
哈尔滨,2022,11431.8,4,11491
哈尔滨,2022,11431.8,5,11412
哈尔滨,2022,11431.8,6,11387
哈尔滨,2022,11431.8,7,11417
哈尔滨,2022,11431.8,8,11252
哈尔滨,2022,11431.8,9,11219
哈尔滨,2022,11431.8,10,11163
哈尔滨,2022,11431.8,11,11168
哈尔滨,2022,11431.8,12,11111
哈尔滨,2023,10661.2,1,11027
哈尔滨,2023,10661.2,2,10895
哈尔滨,2023,10661.2,3,10811
哈尔滨,2023,10661.2,4,10664
哈尔滨,2023,10661.2,5,10704
哈尔滨,2023,10661.2,6,10693
哈尔滨,2023,10661.2,7,10631
哈尔滨,2023,10661.2,8,10623
哈尔滨,2023,10661.2,9,10531
哈尔滨,2023,10661.2,10,10512
哈尔滨,2023,10661.2,11,10425
哈尔滨,2023,10661.2,12,10419
哈尔滨,2024,10313.9,1,10438
哈尔滨,2024,10313.9,2,10423
哈尔滨,2024,10313.9,3,10338
哈尔滨,2024,10313.9,4,10282
哈尔滨,2024,10313.9,5,10275
哈尔滨,2024,10313.9,6,10323
哈尔滨,2024,10313.9,7,10314
哈尔滨,2024,10313.9,8,10314
哈尔滨,2024,10313.9,9,10265
哈尔滨,2024,10313.9,10,10265
哈尔滨,2024,10313.9,11,10265
哈尔滨,2024,10313.9,12,10265
哈尔滨,2025,10218.3,1,10265
哈尔滨,2025,10218.3,2,10265
哈尔滨,2025,10218.3,3,10250
哈尔滨,2025,10218.3,4,10257
哈尔滨,2025,10218.3,5,10257
哈尔滨,2025,10218.3,6,10257
哈尔滨,2025,10218.3,7,10257
哈尔滨,2025,10218.3,8,10186
哈尔滨,2025,10218.3,9,10186
哈尔滨,2025,10218.3,10,10144
哈尔滨,2025,10218.3,11,10144
哈尔滨,2025,10218.3,12,10152
天津,2017,18935.1,1,16049
天津,2017,18935.1,2,16432
天津,2017,18935.1,3,16654
天津,2017,18935.1,4,16778
天津,2017,18935.1,5,17076
天津,2017,18935.1,6,24186
天津,2017,18935.1,7,22152
天津,2017,18935.1,8,20053
天津,2017,18935.1,9,19428
天津,2017,18935.1,10,19048
天津,2017,18935.1,11,19630
天津,2017,18935.1,12,19735
天津,2018,19648.2,1,19793
天津,2018,19648.2,2,19953
天津,2018,19648.2,3,19715
天津,2018,19648.2,4,19679
天津,2018,19648.2,5,19770
天津,2018,19648.2,6,19950
天津,2018,19648.2,7,19714
天津,2018,19648.2,8,19574
天津,2018,19648.2,9,19339
天津,2018,19648.2,10,19253
天津,2018,19648.2,11,19454
天津,2018,19648.2,12,19584
天津,2019,19221.5,1,19348
天津,2019,19221.5,2,19269
天津,2019,19221.5,3,19333
天津,2019,19221.5,4,18810
天津,2019,19221.5,5,19017
天津,2019,19221.5,6,19025
天津,2019,19221.5,7,19068
天津,2019,19221.5,8,19125
天津,2019,19221.5,9,19547
天津,2019,19221.5,10,19628
天津,2019,19221.5,11,19207
天津,2019,19221.5,12,19281
天津,2020,18539.6,1,19085
天津,2020,18539.6,2,19079
天津,2020,18539.6,3,18959
天津,2020,18539.6,4,18811
天津,2020,18539.6,5,18928
天津,2020,18539.6,6,18855
天津,2020,18539.6,7,18455
天津,2020,18539.6,8,18016
天津,2020,18539.6,9,18009
天津,2020,18539.6,10,17934
天津,2020,18539.6,11,18143
天津,2020,18539.6,12,18201
天津,2021,19023.9,1,18186
天津,2021,19023.9,2,18177
天津,2021,19023.9,3,17882
天津,2021,19023.9,4,18465
天津,2021,19023.9,5,18490
天津,2021,19023.9,6,18724
天津,2021,19023.9,7,18922
天津,2021,19023.9,8,19647
天津,2021,19023.9,9,19959
天津,2021,19023.9,10,19976
天津,2021,19023.9,11,19931
天津,2021,19023.9,12,19928
天津,2022,20050.3,1,20121
天津,2022,20050.3,2,19819
天津,2022,20050.3,3,20010
天津,2022,20050.3,4,20534
天津,2022,20050.3,5,20461
天津,2022,20050.3,6,20391
天津,2022,20050.3,7,20187
天津,2022,20050.3,8,19836
天津,2022,20050.3,9,19874
天津,2022,20050.3,10,19828
天津,2022,20050.3,11,19825
天津,2022,20050.3,12,19718
天津,2023,19668.1,1,19657
天津,2023,19668.1,2,19474
天津,2023,19668.1,3,19370
天津,2023,19668.1,4,19413
天津,2023,19668.1,5,19597
天津,2023,19668.1,6,19789
天津,2023,19668.1,7,19816
天津,2023,19668.1,8,19673
天津,2023,19668.1,9,19676
天津,2023,19668.1,10,19813
天津,2023,19668.1,11,19762
天津,2023,19668.1,12,19977
天津,2024,20137.2,1,19939
天津,2024,20137.2,2,19932
天津,2024,20137.2,3,19958
天津,2024,20137.2,4,20166
天津,2024,20137.2,5,20221
天津,2024,20137.2,6,20143
天津,2024,20137.2,7,20171
天津,2024,20137.2,8,20249
天津,2024,20137.2,9,20266
天津,2024,20137.2,10,20246
天津,2024,20137.2,11,20186
天津,2024,20137.2,12,20169
天津,2025,19970.6,1,19945
天津,2025,19970.6,2,19929
天津,2025,19970.6,3,19929
天津,2025,19970.6,4,19710
天津,2025,19970.6,5,19710
天津,2025,19970.6,6,19254
天津,2025,19970.6,7,19379
天津,2025,19970.6,8,19379
天津,2025,19970.6,9,20603
天津,2025,19970.6,10,20603
天津,2025,19970.6,11,20603
天津,2025,19970.6,12,20603
太原,2017,9090.67,1,7383
太原,2017,9090.67,2,8199
太原,2017,9090.67,3,8339
太原,2017,9090.67,4,8819
太原,2017,9090.67,5,8930
太原,2017,9090.67,6,9151
太原,2017,9090.67,7,9181
太原,2017,9090.67,8,9524
太原,2017,9090.67,9,9697
太原,2017,9090.67,10,9734
太原,2017,9090.67,11,9896
太原,2017,9090.67,12,10235
太原,2018,12105.8,1,10141
太原,2018,12105.8,2,10350
太原,2018,12105.8,3,10543
太原,2018,12105.8,4,11200
太原,2018,12105.8,5,11447
太原,2018,12105.8,6,12381
太原,2018,12105.8,7,12148
太原,2018,12105.8,8,13595
太原,2018,12105.8,9,13496
太原,2018,12105.8,10,13463
太原,2018,12105.8,11,13349
太原,2018,12105.8,12,13157
太原,2019,12157,1,12546
太原,2019,12157,2,12428
太原,2019,12157,3,12457
太原,2019,12157,4,12288
太原,2019,12157,5,12254
太原,2019,12157,6,12122
太原,2019,12157,7,12122
太原,2019,12157,8,12126
太原,2019,12157,9,12071
太原,2019,12157,10,12017
太原,2019,12157,11,11780
太原,2019,12157,12,11673
太原,2020,11419.4,1,11517
太原,2020,11419.4,2,11506
太原,2020,11419.4,3,11514
太原,2020,11419.4,4,11488
太原,2020,11419.4,5,11447
太原,2020,11419.4,6,11402
太原,2020,11419.4,7,11323
太原,2020,11419.4,8,11392
太原,2020,11419.4,9,11392
太原,2020,11419.4,10,11343
太原,2020,11419.4,11,11411
太原,2020,11419.4,12,11298
太原,2021,11155.2,1,11269
太原,2021,11155.2,2,11305
太原,2021,11155.2,3,11272
太原,2021,11155.2,4,11215
太原,2021,11155.2,5,11276
太原,2021,11155.2,6,11269
太原,2021,11155.2,7,11422
太原,2021,11155.2,8,11017
太原,2021,11155.2,9,10991
太原,2021,11155.2,10,10982
太原,2021,11155.2,11,10931
太原,2021,11155.2,12,10914
太原,2022,10648.4,1,10787
太原,2022,10648.4,2,10742
太原,2022,10648.4,3,10689
太原,2022,10648.4,4,10565
太原,2022,10648.4,5,10528
太原,2022,10648.4,6,10555
太原,2022,10648.4,7,10623
太原,2022,10648.4,8,10703
太原,2022,10648.4,9,10726
太原,2022,10648.4,10,10649
太原,2022,10648.4,11,10595
太原,2022,10648.4,12,10619
太原,2023,10562.2,1,10636
太原,2023,10562.2,2,10639
太原,2023,10562.2,3,10531
太原,2023,10562.2,4,10498
太原,2023,10562.2,5,10478
太原,2023,10562.2,6,10505
太原,2023,10562.2,7,10494
太原,2023,10562.2,8,10496
太原,2023,10562.2,9,10582
太原,2023,10562.2,10,10536
太原,2023,10562.2,11,10672
太原,2023,10562.2,12,10680
太原,2024,10727.8,1,10674
太原,2024,10727.8,2,10680
太原,2024,10727.8,3,10699
太原,2024,10727.8,4,10687
太原,2024,10727.8,5,10661
太原,2024,10727.8,6,10705
太原,2024,10727.8,7,10776
太原,2024,10727.8,8,10776
太原,2024,10727.8,9,10776
太原,2024,10727.8,10,10776
太原,2024,10727.8,11,10776
太原,2024,10727.8,12,10747
太原,2025,10817,1,10759
太原,2025,10817,2,10759
太原,2025,10817,3,10759
太原,2025,10817,4,10769
太原,2025,10817,5,10831
太原,2025,10817,6,10836
太原,2025,10817,7,10836
太原,2025,10817,8,10857
太原,2025,10817,9,10857
太原,2025,10817,10,10847
太原,2025,10817,11,10847
太原,2025,10817,12,10847
广州,2017,27220.4,1,21511
广州,2017,27220.4,2,21631
广州,2017,27220.4,3,23116
广州,2017,27220.4,4,24187
广州,2017,27220.4,5,24824
广州,2017,27220.4,6,29810
广州,2017,27220.4,7,29525
广州,2017,27220.4,8,30121
广州,2017,27220.4,9,30525
广州,2017,27220.4,10,30352
广州,2017,27220.4,11,30745
广州,2017,27220.4,12,30298
广州,2018,31128.2,1,30470
广州,2018,31128.2,2,30894
广州,2018,31128.2,3,31965
广州,2018,31128.2,4,31655
广州,2018,31128.2,5,32263
广州,2018,31128.2,6,31055
广州,2018,31128.2,7,30857
广州,2018,31128.2,8,32208
广州,2018,31128.2,9,31945
广州,2018,31128.2,10,30337
广州,2018,31128.2,11,29937
广州,2018,31128.2,12,29953
广州,2019,30137.9,1,29442
广州,2019,30137.9,2,29274
广州,2019,30137.9,3,29129
广州,2019,30137.9,4,29607
广州,2019,30137.9,5,29980
广州,2019,30137.9,6,30105
广州,2019,30137.9,7,30856
广州,2019,30137.9,8,29661
广州,2019,30137.9,9,29915
广州,2019,30137.9,10,30978
广州,2019,30137.9,11,31130
广州,2019,30137.9,12,31578
广州,2020,31865.5,1,32031
广州,2020,31865.5,2,32350
广州,2020,31865.5,3,32051
广州,2020,31865.5,4,31614
广州,2020,31865.5,5,32035
广州,2020,31865.5,6,31797
广州,2020,31865.5,7,32188
广州,2020,31865.5,8,32019
广州,2020,31865.5,9,31663
广州,2020,31865.5,10,31488
广州,2020,31865.5,11,31360
广州,2020,31865.5,12,31790
广州,2021,32464.9,1,31337
广州,2021,32464.9,2,31453
广州,2021,32464.9,3,31602
广州,2021,32464.9,4,31458
广州,2021,32464.9,5,31227
广州,2021,32464.9,6,31071
广州,2021,32464.9,7,33261
广州,2021,32464.9,8,34505
广州,2021,32464.9,9,33670
广州,2021,32464.9,10,33323
广州,2021,32464.9,11,33296
广州,2021,32464.9,12,33376
广州,2022,33703.6,1,33222
广州,2022,33703.6,2,33334
广州,2022,33703.6,3,33372
广州,2022,33703.6,4,32972
广州,2022,33703.6,5,32863
广州,2022,33703.6,6,33099
广州,2022,33703.6,7,34014
广州,2022,33703.6,8,34538
广州,2022,33703.6,9,34171
广州,2022,33703.6,10,34013
广州,2022,33703.6,11,34278
广州,2022,33703.6,12,34567
广州,2023,35520,1,34612
广州,2023,35520,2,34847
广州,2023,35520,3,34874
广州,2023,35520,4,35065
广州,2023,35520,5,35319
广州,2023,35520,6,35215
广州,2023,35520,7,35653
广州,2023,35520,8,35430
广州,2023,35520,9,35909
广州,2023,35520,10,36347
广州,2023,35520,11,36359
广州,2023,35520,12,36610
广州,2024,36015.8,1,36472
广州,2024,36015.8,2,36185
广州,2024,36015.8,3,35993
广州,2024,36015.8,4,35953
广州,2024,36015.8,5,36107
广州,2024,36015.8,6,35910
广州,2024,36015.8,7,35919
广州,2024,36015.8,8,35846
广州,2024,36015.8,9,35909
广州,2024,36015.8,10,35942
广州,2024,36015.8,11,35946
广州,2024,36015.8,12,36007
广州,2025,36120.1,1,35600
广州,2025,36120.1,2,35900
广州,2025,36120.1,3,35722
广州,2025,36120.1,4,35710
广州,2025,36120.1,5,35554
广州,2025,36120.1,6,35554
广州,2025,36120.1,7,35554
广州,2025,36120.1,8,36950
广州,2025,36120.1,9,36769
广州,2025,36120.1,10,36704
广州,2025,36120.1,11,36704
广州,2025,36120.1,12,36720
成都,2017,11214.2,1,8801
成都,2017,11214.2,2,9124
成都,2017,11214.2,3,9668
成都,2017,11214.2,4,10110
成都,2017,11214.2,5,10550
成都,2017,11214.2,6,10519
成都,2017,11214.2,7,10408
成都,2017,11214.2,8,10763
成都,2017,11214.2,9,12550
成都,2017,11214.2,10,13171
成都,2017,11214.2,11,13186
成都,2017,11214.2,12,15721
成都,2018,13187.1,1,14345
成都,2018,13187.1,2,14621
成都,2018,13187.1,3,17176
成都,2018,13187.1,4,16163
成都,2018,13187.1,5,13634
成都,2018,13187.1,6,13405
成都,2018,13187.1,7,11491
成都,2018,13187.1,8,12434
成都,2018,13187.1,9,11405
成都,2018,13187.1,10,11252
成都,2018,13187.1,11,11190
成都,2018,13187.1,12,11129
成都,2019,11561.2,1,11373
成都,2019,11561.2,2,11694
成都,2019,11561.2,3,11678
成都,2019,11561.2,4,11141
成都,2019,11561.2,5,11511
成都,2019,11561.2,6,11301
成都,2019,11561.2,7,11049
成都,2019,11561.2,8,11219
成都,2019,11561.2,9,11823
成都,2019,11561.2,10,11993
成都,2019,11561.2,11,11903
成都,2019,11561.2,12,12049
成都,2020,12280.1,1,12032
成都,2020,12280.1,2,12333
成都,2020,12280.1,3,12088
成都,2020,12280.1,4,12039
成都,2020,12280.1,5,12292
成都,2020,12280.1,6,11868
成都,2020,12280.1,7,11884
成都,2020,12280.1,8,11789
成都,2020,12280.1,9,12408
成都,2020,12280.1,10,12806
成都,2020,12280.1,11,12710
成都,2020,12280.1,12,13112
成都,2021,13338.2,1,12799
成都,2021,13338.2,2,12677
成都,2021,13338.2,3,12613
成都,2021,13338.2,4,12763
成都,2021,13338.2,5,12632
成都,2021,13338.2,6,12764
成都,2021,13338.2,7,13521
成都,2021,13338.2,8,13337
成都,2021,13338.2,9,13844
成都,2021,13338.2,10,14313
成都,2021,13338.2,11,14367
成都,2021,13338.2,12,14429
成都,2022,14672.8,1,14316
成都,2022,14672.8,2,14242
成都,2022,14672.8,3,14670
成都,2022,14672.8,4,14542
成都,2022,14672.8,5,14534
成都,2022,14672.8,6,14712
成都,2022,14672.8,7,14623
成都,2022,14672.8,8,14695
成都,2022,14672.8,9,14693
成都,2022,14672.8,10,14788
成都,2022,14672.8,11,14883
成都,2022,14672.8,12,15375
成都,2023,16315.8,1,15521
成都,2023,16315.8,2,15773
成都,2023,16315.8,3,16083
成都,2023,16315.8,4,16367
成都,2023,16315.8,5,16224
成都,2023,16315.8,6,16600
成都,2023,16315.8,7,16648
成都,2023,16315.8,8,16629
成都,2023,16315.8,9,16791
成都,2023,16315.8,10,16290
成都,2023,16315.8,11,16220
成都,2023,16315.8,12,16644
成都,2024,16844.8,1,16691
成都,2024,16844.8,2,16500
成都,2024,16844.8,3,16663
成都,2024,16844.8,4,16998
成都,2024,16844.8,5,16852
成都,2024,16844.8,6,17128
成都,2024,16844.8,7,17124
成都,2024,16844.8,8,17087
成都,2024,16844.8,9,17052
成都,2024,16844.8,10,16944
成都,2024,16844.8,11,16705
成都,2024,16844.8,12,16393
成都,2025,16152.2,1,16429
成都,2025,16152.2,2,16323
成都,2025,16152.2,3,16501
成都,2025,16152.2,4,16371
成都,2025,16152.2,5,16288
成都,2025,16152.2,6,16190
成都,2025,16152.2,7,16069
成都,2025,16152.2,8,15991
成都,2025,16152.2,9,16002
成都,2025,16152.2,10,15963
成都,2025,16152.2,11,15850
成都,2025,16152.2,12,15850
昆明,2017,10029.8,1,8763
昆明,2017,10029.8,2,8856
昆明,2017,10029.8,3,9056
昆明,2017,10029.8,4,9131
昆明,2017,10029.8,5,9381
昆明,2017,10029.8,6,9941
昆明,2017,10029.8,7,10604
昆明,2017,10029.8,8,10633
昆明,2017,10029.8,9,10706
昆明,2017,10029.8,10,11045
昆明,2017,10029.8,11,11101
昆明,2017,10029.8,12,11140
昆明,2018,12229.6,1,10908
昆明,2018,12229.6,2,11101
昆明,2018,12229.6,3,11326
昆明,2018,12229.6,4,11597
昆明,2018,12229.6,5,11884
昆明,2018,12229.6,6,12327
昆明,2018,12229.6,7,13221
昆明,2018,12229.6,8,13132
昆明,2018,12229.6,9,13047
昆明,2018,12229.6,10,12759
昆明,2018,12229.6,11,12746
昆明,2018,12229.6,12,12707
昆明,2019,12883.2,1,12548
昆明,2019,12883.2,2,12597
昆明,2019,12883.2,3,12592
昆明,2019,12883.2,4,12772
昆明,2019,12883.2,5,12756
昆明,2019,12883.2,6,12860
昆明,2019,12883.2,7,12855
昆明,2019,12883.2,8,12854
昆明,2019,12883.2,9,13049
昆明,2019,12883.2,10,13246
昆明,2019,12883.2,11,13268
昆明,2019,12883.2,12,13201
昆明,2020,13633.4,1,13218
昆明,2020,13633.4,2,13332
昆明,2020,13633.4,3,13264
昆明,2020,13633.4,4,13265
昆明,2020,13633.4,5,13493
昆明,2020,13633.4,6,13635
昆明,2020,13633.4,7,13360
昆明,2020,13633.4,8,13895
昆明,2020,13633.4,9,13949
昆明,2020,13633.4,10,14027
昆明,2020,13633.4,11,14082
昆明,2020,13633.4,12,14081
昆明,2021,14042.3,1,14244
昆明,2021,14042.3,2,14186
昆明,2021,14042.3,3,14319
昆明,2021,14042.3,4,14319
昆明,2021,14042.3,5,14066
昆明,2021,14042.3,6,13992
昆明,2021,14042.3,7,14065
昆明,2021,14042.3,8,13870
昆明,2021,14042.3,9,13984
昆明,2021,14042.3,10,13815
昆明,2021,14042.3,11,13936
昆明,2021,14042.3,12,13712
昆明,2022,13131.2,1,13624
昆明,2022,13131.2,2,13435
昆明,2022,13131.2,3,13430
昆明,2022,13131.2,4,13464
昆明,2022,13131.2,5,13306
昆明,2022,13131.2,6,13225
昆明,2022,13131.2,7,13135
昆明,2022,13131.2,8,13060
昆明,2022,13131.2,9,12893
昆明,2022,13131.2,10,12741
昆明,2022,13131.2,11,12602
昆明,2022,13131.2,12,12659
昆明,2023,12547.7,1,12588
昆明,2023,12547.7,2,12570
昆明,2023,12547.7,3,12404
昆明,2023,12547.7,4,12403
昆明,2023,12547.7,5,12306
昆明,2023,12547.7,6,12478
昆明,2023,12547.7,7,12507
昆明,2023,12547.7,8,12538
昆明,2023,12547.7,9,12558
昆明,2023,12547.7,10,12672
昆明,2023,12547.7,11,12736
昆明,2023,12547.7,12,12812
昆明,2024,12511.2,1,12758
昆明,2024,12511.2,2,12687
昆明,2024,12511.2,3,12579
昆明,2024,12511.2,4,12552
昆明,2024,12511.2,5,12424
昆明,2024,12511.2,6,12411
昆明,2024,12511.2,7,12473
昆明,2024,12511.2,8,12515
昆明,2024,12511.2,9,12467
昆明,2024,12511.2,10,12467
昆明,2024,12511.2,11,12418
昆明,2024,12511.2,12,12384
昆明,2025,12317.7,1,12384
昆明,2025,12317.7,2,12376
昆明,2025,12317.7,3,12410
昆明,2025,12317.7,4,12461
昆明,2025,12317.7,5,12406
昆明,2025,12317.7,6,12335
昆明,2025,12317.7,7,12270
昆明,2025,12317.7,8,12270
昆明,2025,12317.7,9,12270
昆明,2025,12317.7,10,12240
昆明,2025,12317.7,11,12245
昆明,2025,12317.7,12,12145
杭州,2017,23692.9,1,20721
杭州,2017,23692.9,2,20989
杭州,2017,23692.9,3,21112
杭州,2017,23692.9,4,21453
杭州,2017,23692.9,5,21743
杭州,2017,23692.9,6,24222
杭州,2017,23692.9,7,25301
杭州,2017,23692.9,8,24898
杭州,2017,23692.9,9,24898
杭州,2017,23692.9,10,25664
杭州,2017,23692.9,11,27661
杭州,2017,23692.9,12,25653
杭州,2018,25007.1,1,25269
杭州,2018,25007.1,2,25646
杭州,2018,25007.1,3,25880
杭州,2018,25007.1,4,25162
杭州,2018,25007.1,5,26035
杭州,2018,25007.1,6,27845
杭州,2018,25007.1,7,26763
杭州,2018,25007.1,8,25574
杭州,2018,25007.1,9,24367
杭州,2018,25007.1,10,22906
杭州,2018,25007.1,11,21576
杭州,2018,25007.1,12,23062
杭州,2019,23514.8,1,23270
杭州,2019,23514.8,2,23172
杭州,2019,23514.8,3,23043
杭州,2019,23514.8,4,22571
杭州,2019,23514.8,5,22974
杭州,2019,23514.8,6,23132
杭州,2019,23514.8,7,22587
杭州,2019,23514.8,8,22400
杭州,2019,23514.8,9,24013
杭州,2019,23514.8,10,24025
杭州,2019,23514.8,11,24718
杭州,2019,23514.8,12,26273
杭州,2020,24590.2,1,25687
杭州,2020,24590.2,2,26007
杭州,2020,24590.2,3,25356
杭州,2020,24590.2,4,24951
杭州,2020,24590.2,5,25532
杭州,2020,24590.2,6,24925
杭州,2020,24590.2,7,24840
杭州,2020,24590.2,8,24449
杭州,2020,24590.2,9,24125
杭州,2020,24590.2,10,23396
杭州,2020,24590.2,11,23054
杭州,2020,24590.2,12,22760
杭州,2021,21393,1,22790
杭州,2021,21393,2,22410
杭州,2021,21393,3,22435
杭州,2021,21393,4,22123
杭州,2021,21393,5,21127
杭州,2021,21393,6,20601
杭州,2021,21393,7,20466
杭州,2021,21393,8,20432
杭州,2021,21393,9,20854
杭州,2021,21393,10,21224
杭州,2021,21393,11,21154
杭州,2021,21393,12,21100
杭州,2022,22305,1,20817
杭州,2022,22305,2,20923
杭州,2022,22305,3,21222
杭州,2022,22305,4,21235
杭州,2022,22305,5,21938
杭州,2022,22305,6,22487
杭州,2022,22305,7,22399
杭州,2022,22305,8,21992
杭州,2022,22305,9,22933
杭州,2022,22305,10,23693
杭州,2022,22305,11,23754
杭州,2022,22305,12,24267
杭州,2023,23185.3,1,24322
杭州,2023,23185.3,2,24196
杭州,2023,23185.3,3,23440
杭州,2023,23185.3,4,23233
杭州,2023,23185.3,5,22602
杭州,2023,23185.3,6,22893
杭州,2023,23185.3,7,22798
杭州,2023,23185.3,8,23157
杭州,2023,23185.3,9,23128
杭州,2023,23185.3,10,23349
杭州,2023,23185.3,11,22545
杭州,2023,23185.3,12,22561
杭州,2024,22525,1,22906
杭州,2024,22525,2,22515
杭州,2024,22525,3,22825
杭州,2024,22525,4,22549
杭州,2024,22525,5,22393
杭州,2024,22525,6,22916
杭州,2024,22525,7,22836
杭州,2024,22525,8,22817
杭州,2024,22525,9,22494
杭州,2024,22525,10,22383
杭州,2024,22525,11,22104
杭州,2024,22525,12,21562
杭州,2025,21358.1,1,21466
杭州,2025,21358.1,2,21258
杭州,2025,21358.1,3,20961
杭州,2025,21358.1,4,20847
杭州,2025,21358.1,5,21222
杭州,2025,21358.1,6,21416
杭州,2025,21358.1,7,21416
杭州,2025,21358.1,8,21416
杭州,2025,21358.1,9,21580
杭州,2025,21358.1,10,21580
杭州,2025,21358.1,11,21708
杭州,2025,21358.1,12,21427
武汉,2017,13644.2,1,11641
武汉,2017,13644.2,2,11843
武汉,2017,13644.2,3,11714
武汉,2017,13644.2,4,11910
武汉,2017,13644.2,5,12099
武汉,2017,13644.2,6,14642
武汉,2017,13644.2,7,14428
武汉,2017,13644.2,8,14499
武汉,2017,13644.2,9,14848
武汉,2017,13644.2,10,15077
武汉,2017,13644.2,11,14863
武汉,2017,13644.2,12,16167
武汉,2018,16756.4,1,16245
武汉,2018,16756.4,2,16251
武汉,2018,16756.4,3,17882
武汉,2018,16756.4,4,17390
武汉,2018,16756.4,5,18689
武汉,2018,16756.4,6,17478
武汉,2018,16756.4,7,17246
武汉,2018,16756.4,8,16069
武汉,2018,16756.4,9,16118
武汉,2018,16756.4,10,16403
武汉,2018,16756.4,11,15672
武汉,2018,16756.4,12,15634
武汉,2019,15187.4,1,15414
武汉,2019,15187.4,2,15375
武汉,2019,15187.4,3,15213
武汉,2019,15187.4,4,15099
武汉,2019,15187.4,5,15592
武汉,2019,15187.4,6,15194
武汉,2019,15187.4,7,15081
武汉,2019,15187.4,8,15072
武汉,2019,15187.4,9,15129
武汉,2019,15187.4,10,14724
武汉,2019,15187.4,11,15066
武汉,2019,15187.4,12,15290
武汉,2020,15118,1,15249
武汉,2020,15118,2,15261
武汉,2020,15118,3,15253
武汉,2020,15118,4,14960
武汉,2020,15118,5,14935
武汉,2020,15118,6,14960
武汉,2020,15118,7,14976
武汉,2020,15118,8,15126
武汉,2020,15118,9,15020
武汉,2020,15118,10,15035
武汉,2020,15118,11,15215
武汉,2020,15118,12,15426
武汉,2021,15352.1,1,15444
武汉,2021,15352.1,2,15494
武汉,2021,15352.1,3,15049
武汉,2021,15352.1,4,15249
武汉,2021,15352.1,5,15310
武汉,2021,15352.1,6,15200
武汉,2021,15352.1,7,15237
武汉,2021,15352.1,8,15146
武汉,2021,15352.1,9,15297
武汉,2021,15352.1,10,15287
武汉,2021,15352.1,11,15595
武汉,2021,15352.1,12,15917
武汉,2022,15936.7,1,15856
武汉,2022,15936.7,2,15830
武汉,2022,15936.7,3,15752
武汉,2022,15936.7,4,15672
武汉,2022,15936.7,5,15887
武汉,2022,15936.7,6,16183
武汉,2022,15936.7,7,16199
武汉,2022,15936.7,8,15974
武汉,2022,15936.7,9,15977
武汉,2022,15936.7,10,15962
武汉,2022,15936.7,11,15920
武汉,2022,15936.7,12,16028
武汉,2023,16213.9,1,15881
武汉,2023,16213.9,2,16044
武汉,2023,16213.9,3,16332
武汉,2023,16213.9,4,16333
武汉,2023,16213.9,5,16396
武汉,2023,16213.9,6,16207
武汉,2023,16213.9,7,16107
武汉,2023,16213.9,8,16123
武汉,2023,16213.9,9,16211
武汉,2023,16213.9,10,16406
武汉,2023,16213.9,11,16262
武汉,2023,16213.9,12,16265
武汉,2024,15782.2,1,16238
武汉,2024,15782.2,2,16057
武汉,2024,15782.2,3,15949
武汉,2024,15782.2,4,15751
武汉,2024,15782.2,5,15715
武汉,2024,15782.2,6,15639
武汉,2024,15782.2,7,15685
武汉,2024,15782.2,8,15736
武汉,2024,15782.2,9,15781
武汉,2024,15782.2,10,15701
武汉,2024,15782.2,11,15552
武汉,2024,15782.2,12,15582
武汉,2025,15347.8,1,15469
武汉,2025,15347.8,2,15330
武汉,2025,15347.8,3,15371
武汉,2025,15347.8,4,15301
武汉,2025,15347.8,5,15368
武汉,2025,15347.8,6,15339
武汉,2025,15347.8,7,15339
武汉,2025,15347.8,8,15386
武汉,2025,15347.8,9,15250
武汉,2025,15347.8,10,15328
武汉,2025,15347.8,11,15277
武汉,2025,15347.8,12,15415
沈阳,2017,8079.42,1,7094
沈阳,2017,8079.42,2,7195
沈阳,2017,8079.42,3,7297
沈阳,2017,8079.42,4,7429
沈阳,2017,8079.42,5,7689
沈阳,2017,8079.42,6,7842
沈阳,2017,8079.42,7,8155
沈阳,2017,8079.42,8,8502
沈阳,2017,8079.42,9,8809
沈阳,2017,8079.42,10,8817
沈阳,2017,8079.42,11,8777
沈阳,2017,8079.42,12,9347
沈阳,2018,9820.08,1,9561
沈阳,2018,9820.08,2,9551
沈阳,2018,9820.08,3,9528
沈阳,2018,9820.08,4,9397
沈阳,2018,9820.08,5,9162
沈阳,2018,9820.08,6,9242
沈阳,2018,9820.08,7,9907
沈阳,2018,9820.08,8,10083
沈阳,2018,9820.08,9,10230
沈阳,2018,9820.08,10,10304
沈阳,2018,9820.08,11,10458
沈阳,2018,9820.08,12,10418
沈阳,2019,11005.3,1,10439
沈阳,2019,11005.3,2,10462
沈阳,2019,11005.3,3,10548
沈阳,2019,11005.3,4,10722
沈阳,2019,11005.3,5,10709
沈阳,2019,11005.3,6,10782
沈阳,2019,11005.3,7,11032
沈阳,2019,11005.3,8,11243
沈阳,2019,11005.3,9,11282
沈阳,2019,11005.3,10,11352
沈阳,2019,11005.3,11,11772
沈阳,2019,11005.3,12,11721
沈阳,2020,12291.1,1,11655
沈阳,2020,12291.1,2,11759
沈阳,2020,12291.1,3,11606
沈阳,2020,12291.1,4,11734
沈阳,2020,12291.1,5,12329
沈阳,2020,12291.1,6,12352
沈阳,2020,12291.1,7,12335
沈阳,2020,12291.1,8,12260
沈阳,2020,12291.1,9,12547
沈阳,2020,12291.1,10,12580
沈阳,2020,12291.1,11,13116
沈阳,2020,12291.1,12,13220
沈阳,2021,13364.1,1,12854
沈阳,2021,13364.1,2,12953
沈阳,2021,13364.1,3,13288
沈阳,2021,13364.1,4,13071
沈阳,2021,13364.1,5,13056
沈阳,2021,13364.1,6,13811
沈阳,2021,13364.1,7,13676
沈阳,2021,13364.1,8,13499
沈阳,2021,13364.1,9,13415
沈阳,2021,13364.1,10,13366
沈阳,2021,13364.1,11,13691
沈阳,2021,13364.1,12,13689
沈阳,2022,13376.2,1,13601
沈阳,2022,13376.2,2,13636
沈阳,2022,13376.2,3,13609
沈阳,2022,13376.2,4,13454
沈阳,2022,13376.2,5,13414
沈阳,2022,13376.2,6,13493
沈阳,2022,13376.2,7,13391
沈阳,2022,13376.2,8,13325
沈阳,2022,13376.2,9,13248
沈阳,2022,13376.2,10,13239
沈阳,2022,13376.2,11,13042
沈阳,2022,13376.2,12,13063
沈阳,2023,12718.2,1,12916
沈阳,2023,12718.2,2,13027
沈阳,2023,12718.2,3,12894
沈阳,2023,12718.2,4,13060
沈阳,2023,12718.2,5,12970
沈阳,2023,12718.2,6,12736
沈阳,2023,12718.2,7,12657
沈阳,2023,12718.2,8,12510
沈阳,2023,12718.2,9,12451
沈阳,2023,12718.2,10,12427
沈阳,2023,12718.2,11,12538
沈阳,2023,12718.2,12,12432
沈阳,2024,12163.7,1,12432
沈阳,2024,12163.7,2,12395
沈阳,2024,12163.7,3,12300
沈阳,2024,12163.7,4,12266
沈阳,2024,12163.7,5,12275
沈阳,2024,12163.7,6,12247
沈阳,2024,12163.7,7,12090
沈阳,2024,12163.7,8,12097
沈阳,2024,12163.7,9,12030
沈阳,2024,12163.7,10,11965
沈阳,2024,12163.7,11,11930
沈阳,2024,12163.7,12,11937
沈阳,2025,12115,1,11992
沈阳,2025,12115,2,11992
沈阳,2025,12115,3,11992
沈阳,2025,12115,4,12247
沈阳,2025,12115,5,12210
沈阳,2025,12115,6,12210
沈阳,2025,12115,7,12164
沈阳,2025,12115,8,12139
沈阳,2025,12115,9,12139
沈阳,2025,12115,10,12139
沈阳,2025,12115,11,12078
沈阳,2025,12115,12,12078
济南,2017,13773.8,1,10982
济南,2017,13773.8,2,11185
济南,2017,13773.8,3,11699
济南,2017,13773.8,4,12215
济南,2017,13773.8,5,12645
济南,2017,13773.8,6,13713
济南,2017,13773.8,7,14713
济南,2017,13773.8,8,15933
济南,2017,13773.8,9,15608
济南,2017,13773.8,10,14764
济南,2017,13773.8,11,15641
济南,2017,13773.8,12,16188
济南,2018,16474.2,1,16358
济南,2018,16474.2,2,16292
济南,2018,16474.2,3,15713
济南,2018,16474.2,4,16152
济南,2018,16474.2,5,16590
济南,2018,16474.2,6,16821
济南,2018,16474.2,7,16546
济南,2018,16474.2,8,17298
济南,2018,16474.2,9,17128
济南,2018,16474.2,10,16778
济南,2018,16474.2,11,16188
济南,2018,16474.2,12,15827
济南,2019,15323.1,1,15669
济南,2019,15323.1,2,15823
济南,2019,15323.1,3,15608
济南,2019,15323.1,4,15734
济南,2019,15323.1,5,15776
济南,2019,15323.1,6,15724
济南,2019,15323.1,7,15498
济南,2019,15323.1,8,15372
济南,2019,15323.1,9,14862
济南,2019,15323.1,10,14707
济南,2019,15323.1,11,14557
济南,2019,15323.1,12,14547
济南,2020,14331.5,1,14623
济南,2020,14331.5,2,14573
济南,2020,14331.5,3,14419
济南,2020,14331.5,4,14406
济南,2020,14331.5,5,14490
济南,2020,14331.5,6,14495
济南,2020,14331.5,7,14295
济南,2020,14331.5,8,14441
济南,2020,14331.5,9,14501
济南,2020,14331.5,10,14542
济南,2020,14331.5,11,13722
济南,2020,14331.5,12,13471
济南,2021,13753.8,1,13365
济南,2021,13753.8,2,13327
济南,2021,13753.8,3,13274
济南,2021,13753.8,4,13486
济南,2021,13753.8,5,13225
济南,2021,13753.8,6,13687
济南,2021,13753.8,7,13677
济南,2021,13753.8,8,14214
济南,2021,13753.8,9,14247
济南,2021,13753.8,10,14228
济南,2021,13753.8,11,14265
济南,2021,13753.8,12,14051
济南,2022,14283.1,1,13993
济南,2022,14283.1,2,14169
济南,2022,14283.1,3,14250
济南,2022,14283.1,4,14220
济南,2022,14283.1,5,14553
济南,2022,14283.1,6,14561
济南,2022,14283.1,7,14411
济南,2022,14283.1,8,14474
济南,2022,14283.1,9,14333
济南,2022,14283.1,10,14316
济南,2022,14283.1,11,14076
济南,2022,14283.1,12,14041
济南,2023,14112.5,1,13948
济南,2023,14112.5,2,13856
济南,2023,14112.5,3,13950
济南,2023,14112.5,4,13997
济南,2023,14112.5,5,14122
济南,2023,14112.5,6,14239
济南,2023,14112.5,7,13937
济南,2023,14112.5,8,14015
济南,2023,14112.5,9,14277
济南,2023,14112.5,10,14408
济南,2023,14112.5,11,14288
济南,2023,14112.5,12,14313
济南,2024,14087.4,1,14271
济南,2024,14087.4,2,14183
济南,2024,14087.4,3,14130
济南,2024,14087.4,4,14120
济南,2024,14087.4,5,14087
济南,2024,14087.4,6,14128
济南,2024,14087.4,7,14106
济南,2024,14087.4,8,14037
济南,2024,14087.4,9,14074
济南,2024,14087.4,10,13977
济南,2024,14087.4,11,13977
济南,2024,14087.4,12,13959
济南,2025,14138.2,1,13859
济南,2025,14138.2,2,14193
济南,2025,14138.2,3,14180
济南,2025,14138.2,4,14180
济南,2025,14138.2,5,14098
济南,2025,14138.2,6,14060
济南,2025,14138.2,7,13986
济南,2025,14138.2,8,13940
济南,2025,14138.2,9,14113
济南,2025,14138.2,10,14350
济南,2025,14138.2,11,14350
济南,2025,14138.2,12,14350
海口,2017,12712,1,9143
海口,2017,12712,2,9359
海口,2017,12712,3,11098
海口,2017,12712,4,11764
海口,2017,12712,5,12113
海口,2017,12712,6,13288
海口,2017,12712,7,13402
海口,2017,12712,8,13689
海口,2017,12712,9,14067
海口,2017,12712,10,14628
海口,2017,12712,11,15221
海口,2017,12712,12,14772
海口,2018,17159.2,1,15444
海口,2018,17159.2,2,16720
海口,2018,17159.2,3,16552
海口,2018,17159.2,4,17166
海口,2018,17159.2,5,18187
海口,2018,17159.2,6,18000
海口,2018,17159.2,7,18239
海口,2018,17159.2,8,18254
海口,2018,17159.2,9,17992
海口,2018,17159.2,10,16786
海口,2018,17159.2,11,16741
海口,2018,17159.2,12,15829
海口,2019,15218.2,1,15277
海口,2019,15218.2,2,15240
海口,2019,15218.2,3,15099
海口,2019,15218.2,4,15242
海口,2019,15218.2,5,15469
海口,2019,15218.2,6,15889
海口,2019,15218.2,7,15638
海口,2019,15218.2,8,15153
海口,2019,15218.2,9,14821
海口,2019,15218.2,10,15002
海口,2019,15218.2,11,14886
海口,2019,15218.2,12,14903
海口,2020,14828.3,1,14922
海口,2020,14828.3,2,14973
海口,2020,14828.3,3,14811
海口,2020,14828.3,4,14680
海口,2020,14828.3,5,14858
海口,2020,14828.3,6,14915
海口,2020,14828.3,7,15015
海口,2020,14828.3,8,14876
海口,2020,14828.3,9,14788
海口,2020,14828.3,10,14687
海口,2020,14828.3,11,14733
海口,2020,14828.3,12,14682
海口,2021,14315.5,1,14702
海口,2021,14315.5,2,14677
海口,2021,14315.5,3,14482
海口,2021,14315.5,4,14550
海口,2021,14315.5,5,14491
海口,2021,14315.5,6,14538
海口,2021,14315.5,7,13654
海口,2021,14315.5,8,13851
海口,2021,14315.5,9,13941
海口,2021,14315.5,10,14267
海口,2021,14315.5,11,14333
海口,2021,14315.5,12,14300
海口,2022,14230.2,1,14368
海口,2022,14230.2,2,14214
海口,2022,14230.2,3,14226
海口,2022,14230.2,4,14283
海口,2022,14230.2,5,14273
海口,2022,14230.2,6,14140
海口,2022,14230.2,7,13917
海口,2022,14230.2,8,13962
海口,2022,14230.2,9,14316
海口,2022,14230.2,10,14439
海口,2022,14230.2,11,14331
海口,2022,14230.2,12,14294
海口,2023,14665.5,1,14240
海口,2023,14665.5,2,14452
海口,2023,14665.5,3,14396
海口,2023,14665.5,4,14513
海口,2023,14665.5,5,14635
海口,2023,14665.5,6,14773
海口,2023,14665.5,7,14682
海口,2023,14665.5,8,14737
海口,2023,14665.5,9,14849
海口,2023,14665.5,10,14863
海口,2023,14665.5,11,14883
海口,2023,14665.5,12,14963
海口,2024,15284.1,1,14942
海口,2024,15284.1,2,14859
海口,2024,15284.1,3,15004
海口,2024,15284.1,4,15126
海口,2024,15284.1,5,14981
海口,2024,15284.1,6,15381
海口,2024,15284.1,7,15581
海口,2024,15284.1,8,15414
海口,2024,15284.1,9,15507
海口,2024,15284.1,10,15602
海口,2024,15284.1,11,15506
海口,2024,15284.1,12,15506
海口,2025,15635.2,1,15627
海口,2025,15635.2,2,15627
海口,2025,15635.2,3,15612
海口,2025,15635.2,4,15721
海口,2025,15635.2,5,15735
海口,2025,15635.2,6,15680
海口,2025,15635.2,7,15680
海口,2025,15635.2,8,15680
海口,2025,15635.2,9,15565
海口,2025,15635.2,10,15565
海口,2025,15635.2,11,15565
海口,2025,15635.2,12,15565
深圳,2017,50890.5,1,47072
深圳,2017,50890.5,2,47602
深圳,2017,50890.5,3,47638
深圳,2017,50890.5,4,49367
深圳,2017,50890.5,5,51101
深圳,2017,50890.5,6,56180
深圳,2017,50890.5,7,54632
深圳,2017,50890.5,8,52740
深圳,2017,50890.5,9,51549
深圳,2017,50890.5,10,51164
深圳,2017,50890.5,11,51694
深圳,2017,50890.5,12,49947
深圳,2018,46840,1,47810
深圳,2018,46840,2,45576
深圳,2018,46840,3,44848
深圳,2018,46840,4,44690
深圳,2018,46840,5,45731
深圳,2018,46840,6,45503
深圳,2018,46840,7,47250
深圳,2018,46840,8,48419
深圳,2018,46840,9,49901
深圳,2018,46840,10,48866
深圳,2018,46840,11,46117
深圳,2018,46840,12,47369
深圳,2019,49157.4,1,47150
深圳,2019,49157.4,2,50618
深圳,2019,49157.4,3,46320
深圳,2019,49157.4,4,47063
深圳,2019,49157.4,5,50512
深圳,2019,49157.4,6,51554
深圳,2019,49157.4,7,50026
深圳,2019,49157.4,8,48538
深圳,2019,49157.4,9,49682
深圳,2019,49157.4,10,49970
深圳,2019,49157.4,11,49601
深圳,2019,49157.4,12,48855
深圳,2020,46009.1,1,48541
深圳,2020,46009.1,2,47325
深圳,2020,46009.1,3,48052
深圳,2020,46009.1,4,46209
深圳,2020,46009.1,5,48031
深圳,2020,46009.1,6,45069
深圳,2020,46009.1,7,45397
深圳,2020,46009.1,8,43345
深圳,2020,46009.1,9,42754
深圳,2020,46009.1,10,45110
深圳,2020,46009.1,11,45929
深圳,2020,46009.1,12,46347
深圳,2021,46164.3,1,46866
深圳,2021,46164.3,2,49016
深圳,2021,46164.3,3,47065
深圳,2021,46164.3,4,42849
深圳,2021,46164.3,5,41095
深圳,2021,46164.3,6,42624
深圳,2021,46164.3,7,43136
深圳,2021,46164.3,8,45290
深圳,2021,46164.3,9,47775
深圳,2021,46164.3,10,47061
深圳,2021,46164.3,11,49821
深圳,2021,46164.3,12,51374
深圳,2022,55891.7,1,52739
深圳,2022,55891.7,2,53814
深圳,2022,55891.7,3,52928
深圳,2022,55891.7,4,51105
深圳,2022,55891.7,5,52264
深圳,2022,55891.7,6,52554
深圳,2022,55891.7,7,52543
深圳,2022,55891.7,8,58566
深圳,2022,55891.7,9,60868
深圳,2022,55891.7,10,60316
深圳,2022,55891.7,11,60060
深圳,2022,55891.7,12,62943
深圳,2023,59576.4,1,63361
深圳,2023,59576.4,2,61744
深圳,2023,59576.4,3,59835
深圳,2023,59576.4,4,59875
深圳,2023,59576.4,5,58975
深圳,2023,59576.4,6,59273
深圳,2023,59576.4,7,58868
深圳,2023,59576.4,8,58847
深圳,2023,59576.4,9,58806
深圳,2023,59576.4,10,59121
深圳,2023,59576.4,11,58462
深圳,2023,59576.4,12,57750
深圳,2024,57227.8,1,57273
深圳,2024,57227.8,2,57136
深圳,2024,57227.8,3,57961
深圳,2024,57227.8,4,57187
深圳,2024,57227.8,5,57114
深圳,2024,57227.8,6,57285
深圳,2024,57227.8,7,57240
深圳,2024,57227.8,8,57240
深圳,2024,57227.8,9,57240
深圳,2024,57227.8,10,57240
深圳,2024,57227.8,11,57072
深圳,2024,57227.8,12,56746
深圳,2025,55952.1,1,56746
深圳,2025,55952.1,2,56746
深圳,2025,55952.1,3,56098
深圳,2025,55952.1,4,56631
深圳,2025,55952.1,5,56550
深圳,2025,55952.1,6,56498
深圳,2025,55952.1,7,56369
深圳,2025,55952.1,8,55483
深圳,2025,55952.1,9,55185
深圳,2025,55952.1,10,55139
深圳,2025,55952.1,11,54990
深圳,2025,55952.1,12,54990
石家庄,2017,12906.8,1,9052
石家庄,2017,12906.8,2,9203
石家庄,2017,12906.8,3,9497
石家庄,2017,12906.8,4,9859
石家庄,2017,12906.8,5,10008
石家庄,2017,12906.8,6,15102
石家庄,2017,12906.8,7,15133
石家庄,2017,12906.8,8,15711
石家庄,2017,12906.8,9,15680
石家庄,2017,12906.8,10,15478
石家庄,2017,12906.8,11,14936
石家庄,2017,12906.8,12,15223
石家庄,2018,15794.9,1,15604
石家庄,2018,15794.9,2,15752
石家庄,2018,15794.9,3,15725
石家庄,2018,15794.9,4,15010
石家庄,2018,15794.9,5,16047
石家庄,2018,15794.9,6,16387
石家庄,2018,15794.9,7,16012
石家庄,2018,15794.9,8,16208
石家庄,2018,15794.9,9,16000
石家庄,2018,15794.9,10,15845
石家庄,2018,15794.9,11,15703
石家庄,2018,15794.9,12,15246
石家庄,2019,15405,1,15129
石家庄,2019,15405,2,15063
石家庄,2019,15405,3,14940
石家庄,2019,15405,4,15231
石家庄,2019,15405,5,15440
石家庄,2019,15405,6,15803
石家庄,2019,15405,7,15606
石家庄,2019,15405,8,15695
石家庄,2019,15405,9,15769
石家庄,2019,15405,10,15622
石家庄,2019,15405,11,15261
石家庄,2019,15405,12,15301
石家庄,2020,15229.2,1,15512
石家庄,2020,15229.2,2,15456
石家庄,2020,15229.2,3,15184
石家庄,2020,15229.2,4,15142
石家庄,2020,15229.2,5,15070
石家庄,2020,15229.2,6,15031
石家庄,2020,15229.2,7,14996
石家庄,2020,15229.2,8,15073
石家庄,2020,15229.2,9,15271
石家庄,2020,15229.2,10,15412
石家庄,2020,15229.2,11,15349
石家庄,2020,15229.2,12,15255
石家庄,2021,14988.7,1,15175
石家庄,2021,14988.7,2,15272
石家庄,2021,14988.7,3,15238
石家庄,2021,14988.7,4,15263
石家庄,2021,14988.7,5,15212
石家庄,2021,14988.7,6,14977
石家庄,2021,14988.7,7,14744
石家庄,2021,14988.7,8,14708
石家庄,2021,14988.7,9,14789
石家庄,2021,14988.7,10,14836
石家庄,2021,14988.7,11,14735
石家庄,2021,14988.7,12,14915
石家庄,2022,14831.2,1,14965
石家庄,2022,14831.2,2,15053
石家庄,2022,14831.2,3,14977
石家庄,2022,14831.2,4,14950
石家庄,2022,14831.2,5,14915
石家庄,2022,14831.2,6,14838
石家庄,2022,14831.2,7,14766
石家庄,2022,14831.2,8,14817
石家庄,2022,14831.2,9,14752
石家庄,2022,14831.2,10,14660
石家庄,2022,14831.2,11,14628
石家庄,2022,14831.2,12,14653
石家庄,2023,14637.9,1,14659
石家庄,2023,14637.9,2,14692
石家庄,2023,14637.9,3,14661
石家庄,2023,14637.9,4,14687
石家庄,2023,14637.9,5,14562
石家庄,2023,14637.9,6,14492
石家庄,2023,14637.9,7,14561
石家庄,2023,14637.9,8,14607
石家庄,2023,14637.9,9,14651
石家庄,2023,14637.9,10,14714
石家庄,2023,14637.9,11,14711
石家庄,2023,14637.9,12,14658
石家庄,2024,14614,1,14739
石家庄,2024,14614,2,14766
石家庄,2024,14614,3,14686
石家庄,2024,14614,4,14711
石家庄,2024,14614,5,14710
石家庄,2024,14614,6,14598
石家庄,2024,14614,7,14584
石家庄,2024,14614,8,14515
石家庄,2024,14614,9,14515
石家庄,2024,14614,10,14518
石家庄,2024,14614,11,14513
石家庄,2024,14614,12,14513
石家庄,2025,14379.9,1,14472
石家庄,2025,14379.9,2,14560
石家庄,2025,14379.9,3,14529
石家庄,2025,14379.9,4,14480
石家庄,2025,14379.9,5,14547
石家庄,2025,14379.9,6,14190
石家庄,2025,14379.9,7,14252
石家庄,2025,14379.9,8,14252
石家庄,2025,14379.9,9,14322
石家庄,2025,14379.9,10,14279
石家庄,2025,14379.9,11,14338
石家庄,2025,14379.9,12,14338
福州,2017,19426.7,1,17217
福州,2017,19426.7,2,17010
福州,2017,19426.7,3,17367
福州,2017,19426.7,4,17930
福州,2017,19426.7,5,18231
福州,2017,19426.7,6,19463
福州,2017,19426.7,7,21570
福州,2017,19426.7,8,22200
福州,2017,19426.7,9,21768
福州,2017,19426.7,10,20575
福州,2017,19426.7,11,19798
福州,2017,19426.7,12,19991
福州,2018,19371.5,1,19380
福州,2018,19371.5,2,18983
福州,2018,19371.5,3,18891
福州,2018,19371.5,4,18777
福州,2018,19371.5,5,20032
福州,2018,19371.5,6,19808
福州,2018,19371.5,7,19841
福州,2018,19371.5,8,19993
福州,2018,19371.5,9,19909
福州,2018,19371.5,10,20072
福州,2018,19371.5,11,18336
福州,2018,19371.5,12,18436
福州,2019,17232.2,1,18039
福州,2019,17232.2,2,17284
福州,2019,17232.2,3,17106
福州,2019,17232.2,4,16409
福州,2019,17232.2,5,16296
福州,2019,17232.2,6,16671
福州,2019,17232.2,7,16507
福州,2019,17232.2,8,17052
福州,2019,17232.2,9,16500
福州,2019,17232.2,10,18193
福州,2019,17232.2,11,18574
福州,2019,17232.2,12,18155
福州,2020,18199.7,1,18244
福州,2020,18199.7,2,17548
福州,2020,18199.7,3,17958
福州,2020,18199.7,4,18187
福州,2020,18199.7,5,18437
福州,2020,18199.7,6,18369
福州,2020,18199.7,7,18197
福州,2020,18199.7,8,18184
福州,2020,18199.7,9,18307
福州,2020,18199.7,10,18029
福州,2020,18199.7,11,18438
福州,2020,18199.7,12,18498
福州,2021,17792.2,1,18519
福州,2021,17792.2,2,18229
福州,2021,17792.2,3,16214
福州,2021,17792.2,4,16386
福州,2021,17792.2,5,17046
福州,2021,17792.2,6,17087
福州,2021,17792.2,7,17971
福州,2021,17792.2,8,17947
福州,2021,17792.2,9,17945
福州,2021,17792.2,10,18393
福州,2021,17792.2,11,18482
福州,2021,17792.2,12,19288
福州,2022,19351.6,1,19530
福州,2022,19351.6,2,19505
福州,2022,19351.6,3,19013
福州,2022,19351.6,4,18720
福州,2022,19351.6,5,18705
福州,2022,19351.6,6,18939
福州,2022,19351.6,7,19239
福州,2022,19351.6,8,19569
福州,2022,19351.6,9,19818
福州,2022,19351.6,10,19686
福州,2022,19351.6,11,19658
福州,2022,19351.6,12,19837
福州,2023,19829.5,1,19655
福州,2023,19829.5,2,19640
福州,2023,19829.5,3,19569
福州,2023,19829.5,4,19879
福州,2023,19829.5,5,19662
福州,2023,19829.5,6,19697
福州,2023,19829.5,7,19814
福州,2023,19829.5,8,19628
福州,2023,19829.5,9,19913
福州,2023,19829.5,10,20143
福州,2023,19829.5,11,20076
福州,2023,19829.5,12,20278
福州,2024,20787.5,1,19960
福州,2024,20787.5,2,20824
福州,2024,20787.5,3,20699
福州,2024,20787.5,4,20775
福州,2024,20787.5,5,20920
福州,2024,20787.5,6,21103
福州,2024,20787.5,7,20949
福州,2024,20787.5,8,20949
福州,2024,20787.5,9,21052
福州,2024,20787.5,10,20774
福州,2024,20787.5,11,20599
福州,2024,20787.5,12,20846
福州,2025,20068.5,1,20763
福州,2025,20068.5,2,20548
福州,2025,20068.5,3,20380
福州,2025,20068.5,4,20232
福州,2025,20068.5,5,20089
福州,2025,20068.5,6,19889
福州,2025,20068.5,7,19889
福州,2025,20068.5,8,19965
福州,2025,20068.5,9,19965
福州,2025,20068.5,10,19822
福州,2025,20068.5,11,19695
福州,2025,20068.5,12,19585
西宁,2017,5598.83,1,5780
西宁,2017,5598.83,2,5797
西宁,2017,5598.83,3,5797
西宁,2017,5598.83,4,5158
西宁,2017,5598.83,5,5236
西宁,2017,5598.83,6,5236
西宁,2017,5598.83,7,5244
西宁,2017,5598.83,8,5730
西宁,2017,5598.83,9,5703
西宁,2017,5598.83,10,5742
西宁,2017,5598.83,11,5852
西宁,2017,5598.83,12,5911
西宁,2018,6648.67,1,5911
西宁,2018,6648.67,2,6078
西宁,2018,6648.67,3,6078
西宁,2018,6648.67,4,6202
西宁,2018,6648.67,5,6222
西宁,2018,6648.67,6,6566
西宁,2018,6648.67,7,6520
西宁,2018,6648.67,8,6614
西宁,2018,6648.67,9,6781
西宁,2018,6648.67,10,7486
西宁,2018,6648.67,11,7357
西宁,2018,6648.67,12,7969
西宁,2019,8822.58,1,7969
西宁,2019,8822.58,2,8009
西宁,2019,8822.58,3,8405
西宁,2019,8822.58,4,8244
西宁,2019,8822.58,5,8422
西宁,2019,8822.58,6,9168
西宁,2019,8822.58,7,9005
西宁,2019,8822.58,8,8850
西宁,2019,8822.58,9,9162
西宁,2019,8822.58,10,9403
西宁,2019,8822.58,11,9632
西宁,2019,8822.58,12,9602
西宁,2020,9525.08,1,9616
西宁,2020,9525.08,2,9357
西宁,2020,9525.08,3,9296
西宁,2020,9525.08,4,9299
西宁,2020,9525.08,5,9551
西宁,2020,9525.08,6,9621
西宁,2020,9525.08,7,9713
西宁,2020,9525.08,8,9665
西宁,2020,9525.08,9,9651
西宁,2020,9525.08,10,9604
西宁,2020,9525.08,11,9524
西宁,2020,9525.08,12,9404
西宁,2021,9724.17,1,9342
西宁,2021,9724.17,2,9497
西宁,2021,9724.17,3,9715
西宁,2021,9724.17,4,9940
西宁,2021,9724.17,5,9938
西宁,2021,9724.17,6,9692
西宁,2021,9724.17,7,9864
西宁,2021,9724.17,8,9777
西宁,2021,9724.17,9,9667
西宁,2021,9724.17,10,9598
西宁,2021,9724.17,11,9847
西宁,2021,9724.17,12,9813
西宁,2022,10109.9,1,9794
西宁,2022,10109.9,2,9766
西宁,2022,10109.9,3,10354
西宁,2022,10109.9,4,10297
西宁,2022,10109.9,5,10357
西宁,2022,10109.9,6,10404
西宁,2022,10109.9,7,10209
西宁,2022,10109.9,8,10073
西宁,2022,10109.9,9,10044
西宁,2022,10109.9,10,9992
西宁,2022,10109.9,11,9992
西宁,2022,10109.9,12,10037
西宁,2023,9994.33,1,10026
西宁,2023,9994.33,2,10016
西宁,2023,9994.33,3,10036
西宁,2023,9994.33,4,10036
西宁,2023,9994.33,5,10054
西宁,2023,9994.33,6,9902
西宁,2023,9994.33,7,9976
西宁,2023,9994.33,8,9887
西宁,2023,9994.33,9,9870
西宁,2023,9994.33,10,9961
西宁,2023,9994.33,11,9967
西宁,2023,9994.33,12,10201
西宁,2024,9818.58,1,10087
西宁,2024,9818.58,2,10053
西宁,2024,9818.58,3,9966
西宁,2024,9818.58,4,9867
西宁,2024,9818.58,5,9790
西宁,2024,9818.58,6,9670
西宁,2024,9818.58,7,9661
西宁,2024,9818.58,8,9738
西宁,2024,9818.58,9,9738
西宁,2024,9818.58,10,9751
西宁,2024,9818.58,11,9751
西宁,2024,9818.58,12,9751
西宁,2025,9755,1,9767
西宁,2025,9755,2,9767
西宁,2025,9755,3,9767
西宁,2025,9755,4,9751
西宁,2025,9755,5,9751
西宁,2025,9755,6,9751
西宁,2025,9755,7,9751
西宁,2025,9755,8,9751
西宁,2025,9755,9,9751
西宁,2025,9755,10,9751
西宁,2025,9755,11,9751
西宁,2025,9755,12,9751
西安,2017,8720.67,1,6936
西安,2017,8720.67,2,6968
西安,2017,8720.67,3,7192
西安,2017,8720.67,4,7468
西安,2017,8720.67,5,7847
西安,2017,8720.67,6,8882
西安,2017,8720.67,7,9039
西安,2017,8720.67,8,9626
西安,2017,8720.67,9,10023
西安,2017,8720.67,10,10040
西安,2017,8720.67,11,10234
西安,2017,8720.67,12,10393
西安,2018,11118.5,1,10532
西安,2018,11118.5,2,10623
西安,2018,11118.5,3,11190
西安,2018,11118.5,4,11468
西安,2018,11118.5,5,11043
西安,2018,11118.5,6,11132
西安,2018,11118.5,7,11461
西安,2018,11118.5,8,11100
西安,2018,11118.5,9,11210
西安,2018,11118.5,10,10941
西安,2018,11118.5,11,11193
西安,2018,11118.5,12,11529
西安,2019,12047.5,1,11539
西安,2019,12047.5,2,11759
西安,2019,12047.5,3,11496
西安,2019,12047.5,4,11823
西安,2019,12047.5,5,11911
西安,2019,12047.5,6,12501
西安,2019,12047.5,7,12386
西安,2019,12047.5,8,12319
西安,2019,12047.5,9,12237
西安,2019,12047.5,10,12039
西安,2019,12047.5,11,12239
西安,2019,12047.5,12,12321
西安,2020,12864.2,1,12540
西安,2020,12864.2,2,12353
西安,2020,12864.2,3,12599
西安,2020,12864.2,4,12501
西安,2020,12864.2,5,12765
西安,2020,12864.2,6,12840
西安,2020,12864.2,7,12812
西安,2020,12864.2,8,12713
西安,2020,12864.2,9,13008
西安,2020,12864.2,10,13278
西安,2020,12864.2,11,13441
西安,2020,12864.2,12,13521
西安,2021,14513.4,1,13591
西安,2021,14513.4,2,14073
西安,2021,14513.4,3,14173
西安,2021,14513.4,4,14221
西安,2021,14513.4,5,15071
西安,2021,14513.4,6,14018
西安,2021,14513.4,7,14442
西安,2021,14513.4,8,14530
西安,2021,14513.4,9,14775
西安,2021,14513.4,10,14892
西安,2021,14513.4,11,15149
西安,2021,14513.4,12,15226
西安,2022,15584.1,1,15335
西安,2022,15584.1,2,15449
西安,2022,15584.1,3,15284
西安,2022,15584.1,4,15278
西安,2022,15584.1,5,15238
西安,2022,15584.1,6,15369
西安,2022,15584.1,7,15744
西安,2022,15584.1,8,15813
西安,2022,15584.1,9,15799
西安,2022,15584.1,10,15701
西安,2022,15584.1,11,16003
西安,2022,15584.1,12,15996
西安,2023,16006.6,1,15956
西安,2023,16006.6,2,15881
西安,2023,16006.6,3,15903
西安,2023,16006.6,4,15821
西安,2023,16006.6,5,15869
西安,2023,16006.6,6,15953
西安,2023,16006.6,7,16129
西安,2023,16006.6,8,16122
西安,2023,16006.6,9,16105
西安,2023,16006.6,10,16194
西安,2023,16006.6,11,15999
西安,2023,16006.6,12,16147
西安,2024,16545.2,1,16256
西安,2024,16545.2,2,16422
西安,2024,16545.2,3,16453
西安,2024,16545.2,4,16442
西安,2024,16545.2,5,16468
西安,2024,16545.2,6,16690
西安,2024,16545.2,7,16660
西安,2024,16545.2,8,16643
西安,2024,16545.2,9,16627
西安,2024,16545.2,10,16621
西安,2024,16545.2,11,16629
西安,2024,16545.2,12,16631
西安,2025,16319.5,1,16591
西安,2025,16319.5,2,16524
西安,2025,16319.5,3,16460
西安,2025,16319.5,4,16419
西安,2025,16319.5,5,16377
西安,2025,16319.5,6,16225
西安,2025,16319.5,7,16207
西安,2025,16319.5,8,16241
西安,2025,16319.5,9,16220
西安,2025,16319.5,10,16214
西安,2025,16319.5,11,16178
西安,2025,16319.5,12,16178
贵阳,2017,5614.17,1,5321
贵阳,2017,5614.17,2,5321
贵阳,2017,5614.17,3,5324
贵阳,2017,5614.17,4,5324
贵阳,2017,5614.17,5,5339
贵阳,2017,5614.17,6,5340
贵阳,2017,5614.17,7,5356
贵阳,2017,5614.17,8,5711
贵阳,2017,5614.17,9,5871
贵阳,2017,5614.17,10,5935
贵阳,2017,5614.17,11,6233
贵阳,2017,5614.17,12,6295
贵阳,2018,9280.83,1,6834
贵阳,2018,9280.83,2,6841
贵阳,2018,9280.83,3,6826
贵阳,2018,9280.83,4,6766
贵阳,2018,9280.83,5,8795
贵阳,2018,9280.83,6,9212
贵阳,2018,9280.83,7,9787
贵阳,2018,9280.83,8,10207
贵阳,2018,9280.83,9,11301
贵阳,2018,9280.83,10,11099
贵阳,2018,9280.83,11,11864
贵阳,2018,9280.83,12,11838
贵阳,2019,10931,1,11589
贵阳,2019,10931,2,11264
贵阳,2019,10931,3,11129
贵阳,2019,10931,4,11004
贵阳,2019,10931,5,11018
贵阳,2019,10931,6,10942
贵阳,2019,10931,7,10801
贵阳,2019,10931,8,10854
贵阳,2019,10931,9,11038
贵阳,2019,10931,10,10840
贵阳,2019,10931,11,10342
贵阳,2019,10931,12,10351
贵阳,2020,9853.25,1,10353
贵阳,2020,9853.25,2,10228
贵阳,2020,9853.25,3,10223
贵阳,2020,9853.25,4,10065
贵阳,2020,9853.25,5,9917
贵阳,2020,9853.25,6,9888
贵阳,2020,9853.25,7,9639
贵阳,2020,9853.25,8,9607
贵阳,2020,9853.25,9,9657
贵阳,2020,9853.25,10,9595
贵阳,2020,9853.25,11,9641
贵阳,2020,9853.25,12,9426
贵阳,2021,9386.83,1,9276
贵阳,2021,9386.83,2,9359
贵阳,2021,9386.83,3,9134
贵阳,2021,9386.83,4,9050
贵阳,2021,9386.83,5,9188
贵阳,2021,9386.83,6,9392
贵阳,2021,9386.83,7,9512
贵阳,2021,9386.83,8,9455
贵阳,2021,9386.83,9,9635
贵阳,2021,9386.83,10,9525
贵阳,2021,9386.83,11,9571
贵阳,2021,9386.83,12,9545
贵阳,2022,9338.67,1,9557
贵阳,2022,9338.67,2,9511
贵阳,2022,9338.67,3,9458
贵阳,2022,9338.67,4,9432
贵阳,2022,9338.67,5,9413
贵阳,2022,9338.67,6,9340
贵阳,2022,9338.67,7,9316
贵阳,2022,9338.67,8,9308
贵阳,2022,9338.67,9,9277
贵阳,2022,9338.67,10,9169
贵阳,2022,9338.67,11,9187
贵阳,2022,9338.67,12,9096
贵阳,2023,9109.08,1,9106
贵阳,2023,9109.08,2,9175
贵阳,2023,9109.08,3,9205
贵阳,2023,9109.08,4,9108
贵阳,2023,9109.08,5,9144
贵阳,2023,9109.08,6,9055
贵阳,2023,9109.08,7,9025
贵阳,2023,9109.08,8,9087
贵阳,2023,9109.08,9,9048
贵阳,2023,9109.08,10,9104
贵阳,2023,9109.08,11,9091
贵阳,2023,9109.08,12,9161
贵阳,2024,9056.83,1,9165
贵阳,2024,9056.83,2,9162
贵阳,2024,9056.83,3,9069
贵阳,2024,9056.83,4,9067
贵阳,2024,9056.83,5,8960
贵阳,2024,9056.83,6,9039
贵阳,2024,9056.83,7,9040
贵阳,2024,9056.83,8,9040
贵阳,2024,9056.83,9,9035
贵阳,2024,9056.83,10,9035
贵阳,2024,9056.83,11,9035
贵阳,2024,9056.83,12,9035
贵阳,2025,8805.33,1,8994
贵阳,2025,8805.33,2,8990
贵阳,2025,8805.33,3,8990
贵阳,2025,8805.33,4,8927
贵阳,2025,8805.33,5,8824
贵阳,2025,8805.33,6,8686
贵阳,2025,8805.33,7,8686
贵阳,2025,8805.33,8,8663
贵阳,2025,8805.33,9,8618
贵阳,2025,8805.33,10,8762
贵阳,2025,8805.33,11,8762
贵阳,2025,8805.33,12,8762
郑州,2017,12367.2,1,10884
郑州,2017,12367.2,2,11080
郑州,2017,12367.2,3,11254
郑州,2017,12367.2,4,11349
郑州,2017,12367.2,5,11358
郑州,2017,12367.2,6,13292
郑州,2017,12367.2,7,13203
郑州,2017,12367.2,8,13136
郑州,2017,12367.2,9,13465
郑州,2017,12367.2,10,13369
郑州,2017,12367.2,11,13086
郑州,2017,12367.2,12,12931
郑州,2018,13537.7,1,12912
郑州,2018,13537.7,2,12919
郑州,2018,13537.7,3,13139
郑州,2018,13537.7,4,13377
郑州,2018,13537.7,5,13728
郑州,2018,13537.7,6,13787
郑州,2018,13537.7,7,13719
郑州,2018,13537.7,8,13704
郑州,2018,13537.7,9,13854
郑州,2018,13537.7,10,13799
郑州,2018,13537.7,11,13669
郑州,2018,13537.7,12,13845
郑州,2019,13929.1,1,13837
郑州,2019,13929.1,2,13864
郑州,2019,13929.1,3,13974
郑州,2019,13929.1,4,13845
郑州,2019,13929.1,5,13768
郑州,2019,13929.1,6,13989
郑州,2019,13929.1,7,13981
郑州,2019,13929.1,8,14138
郑州,2019,13929.1,9,13939
郑州,2019,13929.1,10,13901
郑州,2019,13929.1,11,13899
郑州,2019,13929.1,12,14014
郑州,2020,13711.4,1,14046
郑州,2020,13711.4,2,14026
郑州,2020,13711.4,3,13946
郑州,2020,13711.4,4,13888
郑州,2020,13711.4,5,13972
郑州,2020,13711.4,6,13782
郑州,2020,13711.4,7,13707
郑州,2020,13711.4,8,13890
郑州,2020,13711.4,9,13853
郑州,2020,13711.4,10,13818
郑州,2020,13711.4,11,12743
郑州,2020,13711.4,12,12866
郑州,2021,12928.2,1,12898
郑州,2021,12928.2,2,13155
郑州,2021,12928.2,3,13007
郑州,2021,12928.2,4,13156
郑州,2021,12928.2,5,12970
郑州,2021,12928.2,6,12508
郑州,2021,12928.2,7,12375
郑州,2021,12928.2,8,12922
郑州,2021,12928.2,9,12923
郑州,2021,12928.2,10,13236
郑州,2021,12928.2,11,13024
郑州,2021,12928.2,12,12965
郑州,2022,12593.9,1,12976
郑州,2022,12593.9,2,12812
郑州,2022,12593.9,3,12692
郑州,2022,12593.9,4,12620
郑州,2022,12593.9,5,12698
郑州,2022,12593.9,6,12609
郑州,2022,12593.9,7,12474
郑州,2022,12593.9,8,12496
郑州,2022,12593.9,9,12553
郑州,2022,12593.9,10,12485
郑州,2022,12593.9,11,12531
郑州,2022,12593.9,12,12181
郑州,2023,12171.1,1,12187
郑州,2023,12171.1,2,12242
郑州,2023,12171.1,3,12285
郑州,2023,12171.1,4,12411
郑州,2023,12171.1,5,12203
郑州,2023,12171.1,6,12058
郑州,2023,12171.1,7,12117
郑州,2023,12171.1,8,12160
郑州,2023,12171.1,9,12100
郑州,2023,12171.1,10,12070
郑州,2023,12171.1,11,12090
郑州,2023,12171.1,12,12130
郑州,2024,12280.5,1,12040
郑州,2024,12280.5,2,12072
郑州,2024,12280.5,3,12096
郑州,2024,12280.5,4,12210
郑州,2024,12280.5,5,12263
郑州,2024,12280.5,6,12299
郑州,2024,12280.5,7,12267
郑州,2024,12280.5,8,12144
郑州,2024,12280.5,9,12405
郑州,2024,12280.5,10,12505
郑州,2024,12280.5,11,12507
郑州,2024,12280.5,12,12558
郑州,2025,13351.6,1,12719
郑州,2025,13351.6,2,12758
郑州,2025,13351.6,3,13374
郑州,2025,13351.6,4,13345
郑州,2025,13351.6,5,13404
郑州,2025,13351.6,6,13404
郑州,2025,13351.6,7,13404
郑州,2025,13351.6,8,13340
郑州,2025,13351.6,9,13452
郑州,2025,13351.6,10,13523
郑州,2025,13351.6,11,13748
郑州,2025,13351.6,12,13748
重庆,2017,11024.8,1,9285
重庆,2017,11024.8,2,9610
重庆,2017,11024.8,3,10104
重庆,2017,11024.8,4,10797
重庆,2017,11024.8,5,11146
重庆,2017,11024.8,6,11890
重庆,2017,11024.8,7,9954
重庆,2017,11024.8,8,10222
重庆,2017,11024.8,9,12642
重庆,2017,11024.8,10,12558
重庆,2017,11024.8,11,12181
重庆,2017,11024.8,12,11909
重庆,2018,12368.1,1,10883
重庆,2018,12368.1,2,10558
重庆,2018,12368.1,3,10685
重庆,2018,12368.1,4,12435
重庆,2018,12368.1,5,11420
重庆,2018,12368.1,6,13032
重庆,2018,12368.1,7,13107
重庆,2018,12368.1,8,13305
重庆,2018,12368.1,9,14236
重庆,2018,12368.1,10,13562
重庆,2018,12368.1,11,12633
重庆,2018,12368.1,12,12561
重庆,2019,12553,1,12686
重庆,2019,12553,2,12786
重庆,2019,12553,3,12677
重庆,2019,12553,4,12499
重庆,2019,12553,5,13036
重庆,2019,12553,6,13100
重庆,2019,12553,7,12313
重庆,2019,12553,8,12278
重庆,2019,12553,9,12513
重庆,2019,12553,10,12274
重庆,2019,12553,11,12213
重庆,2019,12553,12,12261
重庆,2020,11629.1,1,12005
重庆,2020,11629.1,2,11830
重庆,2020,11629.1,3,11744
重庆,2020,11629.1,4,11698
重庆,2020,11629.1,5,11439
重庆,2020,11629.1,6,11536
重庆,2020,11629.1,7,11601
重庆,2020,11629.1,8,11662
重庆,2020,11629.1,9,11556
重庆,2020,11629.1,10,11317
重庆,2020,11629.1,11,11492
重庆,2020,11629.1,12,11669
重庆,2021,11494,1,12007
重庆,2021,11494,2,11948
重庆,2021,11494,3,11693
重庆,2021,11494,4,11646
重庆,2021,11494,5,11307
重庆,2021,11494,6,11428
重庆,2021,11494,7,12751
重庆,2021,11494,8,11127
重庆,2021,11494,9,11017
重庆,2021,11494,10,11027
重庆,2021,11494,11,10919
重庆,2021,11494,12,11058
重庆,2022,10894.4,1,11096
重庆,2022,10894.4,2,10963
重庆,2022,10894.4,3,10924
重庆,2022,10894.4,4,10946
重庆,2022,10894.4,5,10811
重庆,2022,10894.4,6,10793
重庆,2022,10894.4,7,10799
重庆,2022,10894.4,8,10822
重庆,2022,10894.4,9,10855
重庆,2022,10894.4,10,10902
重庆,2022,10894.4,11,10867
重庆,2022,10894.4,12,10955
重庆,2023,10970.8,1,10980
重庆,2023,10970.8,2,10961
重庆,2023,10970.8,3,10957
重庆,2023,10970.8,4,10989
重庆,2023,10970.8,5,10899
重庆,2023,10970.8,6,10937
重庆,2023,10970.8,7,10949
重庆,2023,10970.8,8,10940
重庆,2023,10970.8,9,10960
重庆,2023,10970.8,10,10967
重庆,2023,10970.8,11,10987
重庆,2023,10970.8,12,11124
重庆,2024,11138,1,11107
重庆,2024,11138,2,11096
重庆,2024,11138,3,11047
重庆,2024,11138,4,11034
重庆,2024,11138,5,11014
重庆,2024,11138,6,10809
重庆,2024,11138,7,10952
重庆,2024,11138,8,10999
重庆,2024,11138,9,11386
重庆,2024,11138,10,11404
重庆,2024,11138,11,11404
重庆,2024,11138,12,11404
重庆,2025,11309.2,1,11404
重庆,2025,11309.2,2,11404
重庆,2025,11309.2,3,11336
重庆,2025,11309.2,4,11270
重庆,2025,11309.2,5,11292
重庆,2025,11309.2,6,11292
重庆,2025,11309.2,7,11292
重庆,2025,11309.2,8,11292
重庆,2025,11309.2,9,11290
重庆,2025,11309.2,10,11299
重庆,2025,11309.2,11,11270
重庆,2025,11309.2,12,11270
银川,2017,5127.83,1,4951
银川,2017,5127.83,2,4951
银川,2017,5127.83,3,4951
银川,2017,5127.83,4,4981
银川,2017,5127.83,5,4981
银川,2017,5127.83,6,4981
银川,2017,5127.83,7,5210
银川,2017,5127.83,8,5225
银川,2017,5127.83,9,5302
银川,2017,5127.83,10,5288
银川,2017,5127.83,11,5350
银川,2017,5127.83,12,5363
银川,2018,5653.25,1,5384
银川,2018,5653.25,2,5390
银川,2018,5653.25,3,5482
银川,2018,5653.25,4,5492
银川,2018,5653.25,5,5475
银川,2018,5653.25,6,5499
银川,2018,5653.25,7,5680
银川,2018,5653.25,8,5677
银川,2018,5653.25,9,5958
银川,2018,5653.25,10,5907
银川,2018,5653.25,11,5943
银川,2018,5653.25,12,5952
银川,2019,6610.17,1,6293
银川,2019,6610.17,2,6291
银川,2019,6610.17,3,6436
银川,2019,6610.17,4,6362
银川,2019,6610.17,5,6464
银川,2019,6610.17,6,6667
银川,2019,6610.17,7,6777
银川,2019,6610.17,8,6855
银川,2019,6610.17,9,6862
银川,2019,6610.17,10,6787
银川,2019,6610.17,11,6819
银川,2019,6610.17,12,6709
银川,2020,7068,1,6764
银川,2020,7068,2,6773
银川,2020,7068,3,6808
银川,2020,7068,4,6825
银川,2020,7068,5,6845
银川,2020,7068,6,6804
银川,2020,7068,7,6856
银川,2020,7068,8,7022
银川,2020,7068,9,7295
银川,2020,7068,10,7427
银川,2020,7068,11,7762
银川,2020,7068,12,7635
银川,2021,7897.25,1,7707
银川,2021,7897.25,2,7687
银川,2021,7897.25,3,7678
银川,2021,7897.25,4,7723
银川,2021,7897.25,5,7739
银川,2021,7897.25,6,7853
银川,2021,7897.25,7,8072
银川,2021,7897.25,8,8017
银川,2021,7897.25,9,8111
银川,2021,7897.25,10,8130
银川,2021,7897.25,11,7988
银川,2021,7897.25,12,8062
银川,2022,8335.83,1,8061
银川,2022,8335.83,2,8068
银川,2022,8335.83,3,8195
银川,2022,8335.83,4,8228
银川,2022,8335.83,5,8223
银川,2022,8335.83,6,8500
银川,2022,8335.83,7,8463
银川,2022,8335.83,8,8463
银川,2022,8335.83,9,8455
银川,2022,8335.83,10,8455
银川,2022,8335.83,11,8450
银川,2022,8335.83,12,8469
银川,2023,8465.08,1,8464
银川,2023,8465.08,2,8443
银川,2023,8465.08,3,8439
银川,2023,8465.08,4,8459
银川,2023,8465.08,5,8542
银川,2023,8465.08,6,8596
银川,2023,8465.08,7,8473
银川,2023,8465.08,8,8579
银川,2023,8465.08,9,8464
银川,2023,8465.08,10,8414
银川,2023,8465.08,11,8382
银川,2023,8465.08,12,8326
银川,2024,8241.67,1,8304
银川,2024,8241.67,2,8322
银川,2024,8241.67,3,8260
银川,2024,8241.67,4,8268
银川,2024,8241.67,5,8254
银川,2024,8241.67,6,8250
银川,2024,8241.67,7,8211
银川,2024,8241.67,8,8211
银川,2024,8241.67,9,8211
银川,2024,8241.67,10,8203
银川,2024,8241.67,11,8203
银川,2024,8241.67,12,8203
银川,2025,8211.67,1,8203
银川,2025,8211.67,2,8203
银川,2025,8211.67,3,8203
银川,2025,8211.67,4,8203
银川,2025,8211.67,5,8216
银川,2025,8211.67,6,8216
银川,2025,8211.67,7,8216
银川,2025,8211.67,8,8216
银川,2025,8211.67,9,8216
银川,2025,8211.67,10,8216
银川,2025,8211.67,11,8216
银川,2025,8211.67,12,8216
长春,2017,8110.92,1,7311
长春,2017,8110.92,2,7383
长春,2017,8110.92,3,7568
长春,2017,8110.92,4,7679
长春,2017,8110.92,5,7718
长春,2017,8110.92,6,8287
长春,2017,8110.92,7,8398
长春,2017,8110.92,8,8444
长春,2017,8110.92,9,8205
长春,2017,8110.92,10,8429
长春,2017,8110.92,11,8521
长春,2017,8110.92,12,9388
长春,2018,9877,1,9267
长春,2018,9877,2,9116
长春,2018,9877,3,9135
长春,2018,9877,4,9393
长春,2018,9877,5,9448
长春,2018,9877,6,9846
长春,2018,9877,7,10137
长春,2018,9877,8,10443
长春,2018,9877,9,10356
长春,2018,9877,10,10536
长春,2018,9877,11,10516
长春,2018,9877,12,10331
长春,2019,10597.8,1,10612
长春,2019,10597.8,2,10956
长春,2019,10597.8,3,10912
长春,2019,10597.8,4,10698
长春,2019,10597.8,5,10613
长春,2019,10597.8,6,10599
长春,2019,10597.8,7,10466
长春,2019,10597.8,8,10461
长春,2019,10597.8,9,10525
长春,2019,10597.8,10,10381
长春,2019,10597.8,11,10404
长春,2019,10597.8,12,10546
长春,2020,10552.6,1,10435
长春,2020,10552.6,2,10316
长春,2020,10552.6,3,10117
长春,2020,10552.6,4,10497
长春,2020,10552.6,5,10379
长春,2020,10552.6,6,10247
长春,2020,10552.6,7,10470
长春,2020,10552.6,8,10513
长春,2020,10552.6,9,10699
长春,2020,10552.6,10,10848
长春,2020,10552.6,11,11078
长春,2020,10552.6,12,11032
长春,2021,10388,1,10741
长春,2021,10388,2,10797
长春,2021,10388,3,10725
长春,2021,10388,4,10452
长春,2021,10388,5,10330
长春,2021,10388,6,10233
长春,2021,10388,7,10229
长春,2021,10388,8,10077
长春,2021,10388,9,10104
长春,2021,10388,10,10116
长春,2021,10388,11,10430
长春,2021,10388,12,10422
长春,2022,10149.6,1,10381
长春,2022,10149.6,2,10420
长春,2022,10149.6,3,10231
长春,2022,10149.6,4,10210
长春,2022,10149.6,5,10209
长春,2022,10149.6,6,10210
长春,2022,10149.6,7,10099
长春,2022,10149.6,8,10049
长春,2022,10149.6,9,9987
长春,2022,10149.6,10,10007
长春,2022,10149.6,11,10039
长春,2022,10149.6,12,9953
长春,2023,9692.58,1,9914
长春,2023,9692.58,2,9848
长春,2023,9692.58,3,9810
长春,2023,9692.58,4,9754
长春,2023,9692.58,5,9676
长春,2023,9692.58,6,9676
长春,2023,9692.58,7,9668
长春,2023,9692.58,8,9592
长春,2023,9692.58,9,9644
长春,2023,9692.58,10,9603
长春,2023,9692.58,11,9537
长春,2023,9692.58,12,9589
长春,2024,9528.25,1,9563
长春,2024,9528.25,2,9540
长春,2024,9528.25,3,9554
长春,2024,9528.25,4,9551
长春,2024,9528.25,5,9506
长春,2024,9528.25,6,9507
长春,2024,9528.25,7,9533
长春,2024,9528.25,8,9532
长春,2024,9528.25,9,9479
长春,2024,9528.25,10,9429
长春,2024,9528.25,11,9462
长春,2024,9528.25,12,9683
长春,2025,9839.92,1,9667
长春,2025,9839.92,2,9751
长春,2025,9839.92,3,9931
长春,2025,9839.92,4,9970
长春,2025,9839.92,5,9969
长春,2025,9839.92,6,9983
长春,2025,9839.92,7,10012
长春,2025,9839.92,8,9897
长春,2025,9839.92,9,9784
长春,2025,9839.92,10,9705
长春,2025,9839.92,11,9705
长春,2025,9839.92,12,9705
长沙,2017,9362.83,1,8090
长沙,2017,9362.83,2,8239
长沙,2017,9362.83,3,8520
长沙,2017,9362.83,4,8671
长沙,2017,9362.83,5,8655
长沙,2017,9362.83,6,9801
长沙,2017,9362.83,7,9743
长沙,2017,9362.83,8,10153
长沙,2017,9362.83,9,10391
长沙,2017,9362.83,10,10320
长沙,2017,9362.83,11,10036
长沙,2017,9362.83,12,9735
长沙,2018,10295.3,1,9677
长沙,2018,10295.3,2,9743
长沙,2018,10295.3,3,9811
长沙,2018,10295.3,4,10940
长沙,2018,10295.3,5,11342
长沙,2018,10295.3,6,11336
长沙,2018,10295.3,7,11408
长沙,2018,10295.3,8,10421
长沙,2018,10295.3,9,10086
长沙,2018,10295.3,10,9796
长沙,2018,10295.3,11,9466
长沙,2018,10295.3,12,9518
长沙,2019,9712.75,1,9542
长沙,2019,9712.75,2,10259
长沙,2019,9712.75,3,9161
长沙,2019,9712.75,4,9542
长沙,2019,9712.75,5,9890
长沙,2019,9712.75,6,9843
长沙,2019,9712.75,7,9741
长沙,2019,9712.75,8,9887
长沙,2019,9712.75,9,9896
长沙,2019,9712.75,10,9663
长沙,2019,9712.75,11,9558
长沙,2019,9712.75,12,9571
长沙,2020,9494.25,1,9680
长沙,2020,9494.25,2,9653
长沙,2020,9494.25,3,9517
长沙,2020,9494.25,4,9601
长沙,2020,9494.25,5,9403
长沙,2020,9494.25,6,9459
长沙,2020,9494.25,7,9550
长沙,2020,9494.25,8,9332
长沙,2020,9494.25,9,9389
长沙,2020,9494.25,10,9452
长沙,2020,9494.25,11,9396
长沙,2020,9494.25,12,9499
长沙,2021,9733.42,1,9415
长沙,2021,9733.42,2,9461
长沙,2021,9733.42,3,9667
长沙,2021,9733.42,4,9709
长沙,2021,9733.42,5,9509
长沙,2021,9733.42,6,9771
长沙,2021,9733.42,7,9688
长沙,2021,9733.42,8,9874
长沙,2021,9733.42,9,9866
长沙,2021,9733.42,10,9840
长沙,2021,9733.42,11,9983
长沙,2021,9733.42,12,10018
长沙,2022,10259.9,1,10053
长沙,2022,10259.9,2,10053
长沙,2022,10259.9,3,10073
长沙,2022,10259.9,4,10174
长沙,2022,10259.9,5,10208
长沙,2022,10259.9,6,10185
长沙,2022,10259.9,7,10125
长沙,2022,10259.9,8,10341
长沙,2022,10259.9,9,10372
长沙,2022,10259.9,10,10340
长沙,2022,10259.9,11,10361
长沙,2022,10259.9,12,10834
长沙,2023,10794.2,1,10447
长沙,2023,10794.2,2,10596
长沙,2023,10794.2,3,10663
长沙,2023,10794.2,4,10742
长沙,2023,10794.2,5,10781
长沙,2023,10794.2,6,10870
长沙,2023,10794.2,7,10891
长沙,2023,10794.2,8,10830
长沙,2023,10794.2,9,10813
长沙,2023,10794.2,10,10849
长沙,2023,10794.2,11,11009
长沙,2023,10794.2,12,11039
长沙,2024,10969,1,11055
长沙,2024,10969,2,11128
长沙,2024,10969,3,11077
长沙,2024,10969,4,11032
长沙,2024,10969,5,11068
长沙,2024,10969,6,11029
长沙,2024,10969,7,10959
长沙,2024,10969,8,10883
长沙,2024,10969,9,10878
长沙,2024,10969,10,10835
长沙,2024,10969,11,10836
长沙,2024,10969,12,10848
长沙,2025,10723.2,1,10828
长沙,2025,10723.2,2,10824
长沙,2025,10723.2,3,10821
长沙,2025,10723.2,4,10842
长沙,2025,10723.2,5,10762
长沙,2025,10723.2,6,10568
长沙,2025,10723.2,7,10619
长沙,2025,10723.2,8,10623
长沙,2025,10723.2,9,10623
长沙,2025,10723.2,10,10627
长沙,2025,10723.2,11,10774
长沙,2025,10723.2,12,10767
